Unnamed: 0,code1,item_id,code2,Block,code1_item_type,code1_pv_modality,code1_n_wm_stimuli,code1_?,code1_index,code2_wm_modality,code2_n_wm_stimuli,code2_wm_tf,code2_pv_tf,PV TF,PV TF Agree,concept_fr,propriétés_fr,concept,property,Duplicate,son,sonb,image1,image2,image3,1b,2b,3b,brepcon,brepload,vi&0,vi&1,vi&3,au&0,au&1,au&3,au same,au F,au F check,vi 1 same,spl_gpt3-text-davinci-002_title
visu0,vévi0i1,1.0,visu0vv,1.0,Critical,vi,0.0,i,1.0,visu,0.0,T,T,T,True,CITRON,jaune,LEMON,yellow,,,,rien,,,rien,,,1.0,c,TRUE,TRUE,TRUE,TRUE,TRUE,TRUE,TRUE,TRUE,TRUE,True,14.063603334756625
visu0,vévi0i2,2.0,visu0vv,1.0,Critical,vi,0.0,i,2.0,visu,0.0,T,T,T,True,ANGE,ailé,ANGEL,winged,,,,rien,,,rien,,,1.0,c,TRUE,TRUE,TRUE,TRUE,TRUE,TRUE,TRUE,TRUE,TRUE,True,16.615508932311062
visu0,vévi0i3,3.0,visu0vv,2.0,Critical,vi,0.0,i,3.0,visu,0.0,T,T,T,True,BAGUE,dorée,RING,golden,,,,rien,,,rien,,,1.0,c,TRUE,TRUE,TRUE,TRUE,TRUE,TRUE,TRUE,TRUE,TRUE,True,17.770677491682783
visu0,vévi0i4,4.0,visu0vv,2.0,Critical,vi,0.0,i,4.0,visu,0.0,T,T,T,True,BANANE,courbée,BANANA,curved,,,,rien,,,rien,,,1.0,c,TRUE,TRUE,TRUE,TRUE,TRUE,TRUE,TRUE,TRUE,TRUE,True,15.680815423961764
visu0,vévi0i5,5.0,visu0vv,3.0,Critical,vi,0.0,i,5.0,visu,0.0,T,T,T,True,BANDAGE,blanc,GAUZE,white,,,,rien,,,rien,,,1.0,c,TRUE,TRUE,TRUE,TRUE,TRUE,TRUE,TRUE,TRUE,TRUE,True,11.603858784367374
visu0,vévi0i6,6.0,visu0vv,3.0,Critical,vi,0.0,i,6.0,visu,0.0,T,T,T,True,CIGARE,brun,CIGAR,brown,,,,rien,,,rien,,,1.0,c,TRUE,TRUE,TRUE,TRUE,TRUE,TRUE,TRUE,TRUE,TRUE,True,14.216814662708952
visu1,vévi1i1,7.0,visu1vv,1.0,Critical,vi,1.0,i,1.0,visu,1.0,T,T,T,True,BIJOU,doré,JEWELRY,golden,,,,5.bmp,,,5.bmp,,,1.0,c,TRUE,TRUE,TRUE,TRUE,TRUE,TRUE,TRUE,TRUE,TRUE,True,15.7785724399324
visu1,vévi1i2,8.0,visu1vv,1.0,Critical,vi,1.0,i,2.0,visu,1.0,T,T,T,True,BOOMERANG,coudé,BOOMERANG,angled,,,,e.bmp,,,e.bmp,,,1.0,c,TRUE,TRUE,TRUE,TRUE,TRUE,TRUE,TRUE,TRUE,TRUE,True,15.328360697387467
visu1,vévi1i3,9.0,visu1vv,2.0,Critical,vi,1.0,i,3.0,visu,1.0,T,T,T,True,BRIQUE,rectangulaire,BRICK,rectangular,,,,6.bmp,,,6.bmp,,,1.0,c,TRUE,TRUE,TRUE,TRUE,TRUE,TRUE,TRUE,TRUE,TRUE,True,14.73550681075976
visu1,vévi1i4,10.0,visu1vv,2.0,Critical,vi,1.0,i,4.0,visu,1.0,T,T,T,True,CAVE,sombre,CELLAR,dark,,,,f.bmp,,,f.bmp,,,1.0,c,TRUE,TRUE,TRUE,TRUE,TRUE,TRUE,TRUE,TRUE,TRUE,True,16.393814068204623
visu1,vévi1i5,11.0,visu1vv,3.0,Critical,vi,1.0,i,5.0,visu,1.0,T,T,T,True,CIEL,bleu,SKY,blue,,,,7.bmp,,,7.bmp,,,1.0,c,TRUE,TRUE,TRUE,TRUE,TRUE,TRUE,TRUE,TRUE,TRUE,True,10.669757603321013
visu1,vévi1i6,12.0,visu1vv,3.0,Critical,vi,1.0,i,6.0,visu,1.0,T,T,T,True,CIMENT,gris,CEMENT,gray,,,,8.bmp,,,8.bmp,,,1.0,c,TRUE,TRUE,TRUE,TRUE,TRUE,TRUE,TRUE,TRUE,TRUE,True,13.620082090463816
visu3,vévi3i1,13.0,visu3vv,1.0,Critical,vi,3.0,i,1.0,visu,3.0,T,T,T,True,COCCINELLE,tachetée,LADYBUG,spotted,,,,1.bmp,3.bmp,9.bmp,1.bmp,3.bmp,9.bmp,1.0,c,TRUE,TRUE,TRUE,TRUE,TRUE,TRUE,TRUE,TRUE,TRUE,True,10.168462337690269
visu3,vévi3i2,14.0,visu3vv,1.0,Critical,vi,3.0,i,2.0,visu,3.0,T,T,T,True,ECUREUIL,roux,SQUIRREL,brown,,,,a.bmp,g.bmp,e.bmp,a.bmp,g.bmp,e.bmp,1.0,c,TRUE,TRUE,TRUE,TRUE,TRUE,TRUE,TRUE,TRUE,TRUE,True,12.217211924831071
visu3,vévi3i3,15.0,visu3vv,2.0,Critical,vi,3.0,i,3.0,visu,3.0,T,T,T,True,FILM,regardé,FILM,watched,,,,3.bmp,7.bmp,10.bmp,3.bmp,7.bmp,10.bmp,1.0,c,TRUE,TRUE,TRUE,TRUE,TRUE,TRUE,TRUE,TRUE,TRUE,True,9.433344725889013
visu3,vévi3i4,16.0,visu3vv,2.0,Critical,vi,3.0,i,4.0,visu,3.0,T,T,T,True,FORET,ombragée,FOREST,shady,,,,k.bmp,l.bmp,a.bmp,k.bmp,l.bmp,a.bmp,1.0,c,TRUE,TRUE,TRUE,TRUE,TRUE,TRUE,TRUE,TRUE,TRUE,True,17.704143281787065
visu3,vévi3i5,17.0,visu3vv,3.0,Critical,vi,3.0,i,5.0,visu,3.0,T,T,T,True,JOYAU,brillant,JEWEL,shiny,,,,10.bmp,2.bmp,6.bmp,10.bmp,2.bmp,6.bmp,1.0,c,TRUE,TRUE,TRUE,TRUE,TRUE,TRUE,TRUE,TRUE,TRUE,True,15.710001144638948
visu3,vévi3i6,18.0,visu3vv,3.0,Critical,vi,3.0,i,6.0,visu,3.0,T,T,T,True,CORBEAU,noir,RAVEN,black,,,,2.bmp,6.bmp,f.bmp,2.bmp,6.bmp,f.bmp,1.0,c,TRUE,TRUE,TRUE,TRUE,TRUE,TRUE,TRUE,TRUE,TRUE,True,12.959576626631224
audi0,vévi0s1,19.0,audi0vv,1.0,Critical,vi,0.0,s,1.0,audi,0.0,T,T,T,True,LEVRE,rose,LIP,pink,,rien,rien,,,,,,,1.0,c,TRUE,TRUE,TRUE,TRUE,TRUE,TRUE,TRUE,TRUE,TRUE,True,14.680330938920962
audi0,vévi0s2,20.0,audi0vv,1.0,Critical,vi,0.0,s,2.0,audi,0.0,T,T,T,True,MAGAZINE,coloré,MAGAZINE,colorful,2_A,rien,rien,,,,,,,1.0,c,TRUE,TRUE,TRUE,TRUE,TRUE,TRUE,TRUE,TRUE,TRUE,True,17.831915568083392
audi0,vévi0s3,21.0,audi0vv,2.0,Critical,vi,0.0,s,3.0,audi,0.0,T,T,T,True,ŒUF,ovale,EGG,oval,,rien,rien,,,,,,,1.0,c,TRUE,TRUE,TRUE,TRUE,TRUE,TRUE,TRUE,TRUE,TRUE,True,15.952554248388404
audi0,vévi0s4,22.0,audi0vv,2.0,Critical,vi,0.0,s,4.0,audi,0.0,T,T,t,True,PAPILLON,multicolore,BUTTERFLY,multicolored,,rien,rien,,,,,,,1.0,c,TRUE,TRUE,TRUE,TRUE,TRUE,TRUE,TRUE,TRUE,TRUE,True,16.826094453097692
audi0,vévi0s5,23.0,audi0vv,3.0,Critical,vi,0.0,s,5.0,audi,0.0,T,T,T,True,PASTEQUE,arrondie,WATERMELON,round,,rien,rien,,,,,,,1.0,c,TRUE,TRUE,TRUE,TRUE,TRUE,TRUE,TRUE,TRUE,TRUE,True,10.428236170795296
audi0,vévi0s6,24.0,audi0vv,3.0,Critical,vi,0.0,s,6.0,audi,0.0,T,T,T,True,DRAPEAU,rayé,FLAG,striped,,rien,rien,,,,,,,1.0,c,TRUE,TRUE,TRUE,TRUE,TRUE,TRUE,TRUE,TRUE,TRUE,True,18.426273464291228
audi1,vévi1s1,25.0,audi1vv,1.0,Critical,vi,1.0,s,1.0,audi,1.0,T,T,T,True,POTIRON,orangé,PUMPKIN,orange,,1.wav,1.wav,,,,,,,1.0,c,TRUE,TRUE,TRUE,TRUE,TRUE,TRUE,TRUE,TRUE,TRUE,True,12.345606012690025
audi1,vévi1s2,26.0,audi1vv,1.0,Critical,vi,1.0,s,2.0,audi,1.0,T,T,T,True,SANG,rouge,BLOOD,red,,7.wav,7.wav,,,,,,,1.0,c,TRUE,TRUE,TRUE,TRUE,TRUE,TRUE,TRUE,TRUE,TRUE,True,8.339629247759854
audi1,vévi1s3,27.0,audi1vv,2.0,Critical,vi,1.0,s,3.0,audi,1.0,T,T,T,True,SOLEIL,éblouissant,SUN,blinding,,6.wav,6.wav,,,,,,,1.0,c,TRUE,TRUE,TRUE,TRUE,TRUE,TRUE,TRUE,TRUE,TRUE,True,12.566867823026044
audi1,vévi1s4,28.0,audi1vv,2.0,Critical,vi,1.0,s,4.0,audi,1.0,T,T,T,True,TANK,kaki,TANK,camouflaged,,3.wav,3.wav,,,,,,,1.0,c,TRUE,TRUE,TRUE,TRUE,TRUE,TRUE,TRUE,TRUE,TRUE,True,16.355170854827684
audi1,vévi1s5,29.0,audi1vv,3.0,Critical,vi,1.0,s,5.0,audi,1.0,T,T,T,True,CHOUX-FLEUR,pâle,CAULIFLOWER,white,,4.wav,4.wav,,,,,,,1.0,c,TRUE,TRUE,TRUE,TRUE,TRUE,TRUE,TRUE,TRUE,TRUE,True,7.3198508805897236
audi1,vévi1s6,30.0,audi1vv,3.0,Critical,vi,1.0,s,6.0,audi,1.0,T,T,T,True,TIGRE,zébré,TIGER,striped,,9.wav,9.wav,,,,,,,1.0,c,TRUE,TRUE,TRUE,TRUE,TRUE,TRUE,TRUE,TRUE,TRUE,True,16.900585227132567
audi3,vévi3s1,31.0,audi3vv,1.0,Critical,vi,3.0,s,1.0,audi,3.0,T,T,T,True,VOILE,gonflée,SAIL,blown,,35.wav,35.wav,,,,,,,1.0,c,TRUE,TRUE,TRUE,TRUE,TRUE,TRUE,TRUE,TRUE,TRUE,True,12.674230302578918
audi3,vévi3s2,32.0,audi3vv,1.0,Critical,vi,3.0,s,2.0,audi,3.0,T,T,T,True,BOUGIE,lumineuse,CANDLE,bright,,36.wav,36.wav,,,,,,,1.0,c,TRUE,TRUE,TRUE,TRUE,TRUE,TRUE,TRUE,TRUE,TRUE,True,11.841105655756444
audi3,vévi3s3,33.0,audi3vv,2.0,Critical,vi,3.0,s,3.0,audi,3.0,T,T,T,True,NUAGE,blanc,CLOUD,white,,37.wav,37.wav,,,,,,,1.0,c,TRUE,TRUE,TRUE,TRUE,TRUE,TRUE,TRUE,TRUE,TRUE,True,12.933026709793745
audi3,vévi3s4,34.0,audi3vv,2.0,Critical,vi,3.0,s,4.0,audi,3.0,T,T,T,True,MAGASINE,coloré,MAGAZINE,colorful,2_B,38.wav,38.wav,,,,,,,1.0,c,TRUE,TRUE,TRUE,TRUE,TRUE,TRUE,TRUE,TRUE,TRUE,True,17.831562107798376
audi3,vévi3s5,35.0,audi3vv,3.0,Critical,vi,3.0,s,5.0,audi,3.0,T,T,T,True,FEU,Fumant,FIRE,smoking,,39.wav,39.wav,,,,,,,1.0,c,TRUE,TRUE,TRUE,TRUE,TRUE,TRUE,TRUE,TRUE,TRUE,True,16.678384943672448
audi3,vévi3s6,36.0,audi3vv,3.0,Critical,vi,3.0,s,6.0,audi,3.0,T,T,T,True,VERNIS,brillant,VARNISH,shiny,,40.wav,40.wav,,,,,,,1.0,c,TRUE,TRUE,TRUE,TRUE,TRUE,TRUE,TRUE,TRUE,TRUE,True,16.871307173972767
visu0,véau0i1,37.0,visu0vv,1.0,Critical,au,0.0,i,1.0,visu,0.0,T,T,T,True,OISILLON,piaillant,CHICK,chirping,,,,rien,,,rien,,,1.0,c,TRUE,TRUE,TRUE,TRUE,TRUE,TRUE,TRUE,TRUE,TRUE,True,17.663523481563313
visu0,véau0i2,38.0,visu0vv,1.0,Critical,au,0.0,i,2.0,visu,0.0,T,T,T,True,ORAGE,tonnant,STORM,thunderous,,,,rien,,,rien,,,1.0,c,TRUE,TRUE,TRUE,TRUE,TRUE,TRUE,TRUE,TRUE,TRUE,True,18.211889125484632
visu0,véau0i3,39.0,visu0vv,2.0,Critical,au,0.0,i,3.0,visu,0.0,T,T,T,True,PARQUET,craquant,FLOORBOARD,creaky,4_A,,,rien,,,rien,,,1.0,c,TRUE,TRUE,TRUE,TRUE,TRUE,TRUE,TRUE,TRUE,TRUE,True,16.922134474419316
visu0,véau0i4,40.0,visu0vv,2.0,Critical,au,0.0,i,4.0,visu,0.0,T,T,T,True,PIGEON,roucoulant,PIGEON,cooing,,,,rien,,,rien,,,1.0,c,TRUE,TRUE,TRUE,TRUE,TRUE,TRUE,TRUE,TRUE,TRUE,True,20.364140395979387
visu0,véau0i5,41.0,visu0vv,3.0,Critical,au,0.0,i,5.0,visu,0.0,T,T,T,True,PRIERE,vocale,PRAYER,spoken,,,,rien,,,rien,,,1.0,c,TRUE,TRUE,TRUE,TRUE,TRUE,TRUE,TRUE,TRUE,TRUE,True,11.486860544636402
visu0,véau0i6,42.0,visu0vv,3.0,Critical,au,0.0,i,6.0,visu,0.0,T,T,T,True,VACHE,beuglante,COW,mooing,,,,rien,,,rien,,,1.0,c,TRUE,TRUE,TRUE,TRUE,TRUE,TRUE,TRUE,TRUE,TRUE,True,15.594583737999029
visu1,véau1i1,43.0,visu1vv,1.0,Critical,au,1.0,i,1.0,visu,1.0,T,T,T,True,RADIO,écoutée,RADIO,heard,,,,1.bmp,,,1.bmp,,,1.0,c,TRUE,TRUE,TRUE,TRUE,TRUE,TRUE,TRUE,TRUE,TRUE,True,3.8671733438121962
visu1,véau1i2,44.0,visu1vv,1.0,Critical,au,1.0,i,2.0,visu,1.0,T,T,T,True,RIRE,éclatant,LAUGHTER,booming,,,,a.bmp,,,a.bmp,,,1.0,c,TRUE,TRUE,TRUE,TRUE,TRUE,TRUE,TRUE,TRUE,TRUE,True,18.45500690007309
visu1,véau1i3,45.0,visu1vv,2.0,Critical,au,1.0,i,3.0,visu,1.0,T,T,T,True,RONFLEMENT,sonore,SNORING,loud,,,,2.bmp,,,2.bmp,,,1.0,c,TRUE,TRUE,TRUE,TRUE,TRUE,TRUE,TRUE,TRUE,TRUE,True,7.356187030698065
visu1,véau1i4,46.0,visu1vv,2.0,Critical,au,1.0,i,4.0,visu,1.0,T,T,T,True,SIFFLET,strident,WHISTLE,shrill,,,,b.bmp,,,b.bmp,,,1.0,c,TRUE,TRUE,TRUE,TRUE,TRUE,TRUE,TRUE,TRUE,TRUE,True,17.852690030425386
visu1,véau1i5,47.0,visu1vv,3.0,Critical,au,1.0,i,5.0,visu,1.0,T,T,T,True,TELEVISION,tonitruante,TELEVISION,blaring,,,,3.bmp,,,3.bmp,,,1.0,c,TRUE,TRUE,TRUE,TRUE,TRUE,TRUE,TRUE,TRUE,TRUE,True,18.243033737488336
visu1,véau1i6,48.0,visu1vv,3.0,Critical,au,1.0,i,6.0,visu,1.0,T,T,T,True,PLANCHER,craquant,FLOOR,creaky,4_B,,,d.bmp,,,d.bmp,,,1.0,c,TRUE,TRUE,TRUE,TRUE,TRUE,TRUE,TRUE,TRUE,TRUE,True,19.398728837269125
visu3,véau3i1,49.0,visu3vv,1.0,Critical,au,3.0,i,1.0,visu,3.0,T,T,T,True,MICRO-ONDE,bipant,MICROWAVE,beeping,,,,k.bmp,8.bmp,l.bmp,k.bmp,8.bmp,l.bmp,1.0,c,TRUE,TRUE,TRUE,TRUE,TRUE,TRUE,TRUE,TRUE,TRUE,True,20.64367193766939
visu3,véau3i2,50.0,visu3vv,1.0,Critical,au,3.0,i,2.0,visu,3.0,T,T,T,True,CLOCHE,résonnante,BELL,ringing,,,,11.bmp,9.bmp,10.bmp,11.bmp,9.bmp,10.bmp,1.0,c,TRUE,TRUE,TRUE,TRUE,TRUE,TRUE,TRUE,TRUE,TRUE,True,16.971606218605448
visu3,véau3i3,51.0,visu3vv,2.0,Critical,au,3.0,i,3.0,visu,3.0,T,T,T,True,GRINCEMENT,perçu,CREAK,audible,,,,10.bmp,c.bmp,d.bmp,10.bmp,c.bmp,d.bmp,1.0,c,TRUE,TRUE,TRUE,TRUE,TRUE,TRUE,TRUE,TRUE,TRUE,True,13.639276426635325
visu3,véau3i4,52.0,visu3vv,2.0,Critical,au,3.0,i,4.0,visu,3.0,T,T,T,True,TELEPHONE,Sonnant,PHONE,ringing,,,,l.bmp,a.bmp,e.bmp,l.bmp,a.bmp,e.bmp,1.0,c,TRUE,TRUE,TRUE,TRUE,TRUE,TRUE,TRUE,TRUE,TRUE,True,13.332881181936449
visu3,véau3i5,53.0,visu3vv,3.0,Critical,au,3.0,i,5.0,visu,3.0,T,T,T,True,LION,entendu,LION,heard,,,,11.bmp,1.bmp,5.bmp,11.bmp,1.bmp,5.bmp,1.0,c,TRUE,TRUE,TRUE,TRUE,TRUE,TRUE,TRUE,TRUE,TRUE,True,8.36187834641094
visu3,véau3i6,54.0,visu3vv,3.0,Critical,au,3.0,i,6.0,visu,3.0,T,T,T,True,VOIX,grave,VOICE,deep,,,,6.bmp,7.bmp,h.bmp,6.bmp,7.bmp,h.bmp,1.0,c,TRUE,TRUE,TRUE,TRUE,TRUE,TRUE,TRUE,TRUE,TRUE,True,14.110841498480452
audi0,véau0s1,55.0,audi0vv,1.0,Critical,au,0.0,s,1.0,audi,0.0,T,T,T,True,AMBULANCE,assourdissante,AMBULANCE,deafening,,rien,rien,,,,,,,1.0,c,TRUE,TRUE,TRUE,TRUE,TRUE,TRUE,TRUE,TRUE,TRUE,True,18.056570741425087
audi0,véau0s2,56.0,audi0vv,1.0,Critical,au,0.0,s,2.0,audi,0.0,T,T,T,True,MONNAIE,tintante,CHANGE,jingling,,rien,rien,,,,,,,1.0,c,TRUE,TRUE,TRUE,TRUE,TRUE,TRUE,TRUE,TRUE,TRUE,True,27.26185977519933
audi0,véau0s3,57.0,audi0vv,2.0,Critical,au,0.0,s,3.0,audi,0.0,T,T,T,True,BEBE,gazouillant,BABY,babbling,,rien,rien,,,,,,,1.0,c,TRUE,TRUE,TRUE,TRUE,TRUE,TRUE,TRUE,TRUE,TRUE,True,16.2399890177819
audi0,véau0s4,58.0,audi0vv,2.0,Critical,au,0.0,s,4.0,audi,0.0,T,T,T,True,CANARD,cancannant,DUCK,quacking,,rien,rien,,,,,,,1.0,c,TRUE,TRUE,TRUE,TRUE,TRUE,TRUE,TRUE,TRUE,TRUE,True,17.185785261907725
audi0,véau0s5,59.0,audi0vv,3.0,Critical,au,0.0,s,5.0,audi,0.0,T,T,T,True,CHANSON,fredonnée,SONG,hummed,,rien,rien,,,,,,,1.0,c,TRUE,TRUE,TRUE,TRUE,TRUE,TRUE,TRUE,TRUE,TRUE,True,13.694012513088639
audi0,véau0s6,60.0,audi0vv,3.0,Critical,au,0.0,s,6.0,audi,0.0,T,T,T,True,CHAT,ronronnant,CAT,purring,,rien,rien,,,,,,,1.0,c,TRUE,TRUE,TRUE,TRUE,TRUE,TRUE,TRUE,TRUE,TRUE,True,15.814412591485684
audi1,véau1s1,61.0,audi1vv,1.0,Critical,au,1.0,s,1.0,audi,1.0,T,T,T,True,CHEVAL,hennissant,HORSE,neighing,,6.wav,6.wav,,,,,,,1.0,c,TRUE,TRUE,TRUE,TRUE,TRUE,TRUE,TRUE,TRUE,TRUE,True,17.385229916487898
audi1,véau1s2,62.0,audi1vv,1.0,Critical,au,1.0,s,2.0,audi,1.0,T,T,T,True,CLOCHE,carillonnante,BELL,chiming,,7.wav,7.wav,,,,,,,1.0,c,TRUE,TRUE,TRUE,TRUE,TRUE,TRUE,TRUE,TRUE,TRUE,True,21.34670992681094
audi1,véau1s3,63.0,audi1vv,2.0,Critical,au,1.0,s,3.0,audi,1.0,T,T,T,True,COCHON,grognant,PIG,grunting,,8.wav,8.wav,,,,,,,1.0,c,TRUE,TRUE,TRUE,TRUE,TRUE,TRUE,TRUE,TRUE,TRUE,True,18.621767587040935
audi1,véau1s4,64.0,audi1vv,2.0,Critical,au,1.0,s,4.0,audi,1.0,T,T,T,True,CRI,perçant,CRY,piercing,,9.wav,9.wav,,,,,,,1.0,c,TRUE,TRUE,TRUE,TRUE,TRUE,TRUE,TRUE,TRUE,TRUE,True,19.026436765343597
audi1,véau1s5,65.0,audi1vv,3.0,Critical,au,1.0,s,5.0,audi,1.0,T,T,T,True,ELEPHANT,barissant,ELEPHANT,trumpeting,,10.wav,10.wav,,,,,,,1.0,c,TRUE,TRUE,TRUE,TRUE,TRUE,TRUE,TRUE,TRUE,TRUE,True,21.57568755876464
audi1,véau1s6,66.0,audi1vv,3.0,Critical,au,1.0,s,6.0,audi,1.0,T,T,T,True,FEU,crépitant,FIRE,crackling,,5.wav,5.wav,,,,,,,1.0,c,TRUE,TRUE,TRUE,TRUE,TRUE,TRUE,TRUE,TRUE,TRUE,True,16.86082466722127
audi3,véau3s1,67.0,audi3vv,1.0,Critical,au,3.0,s,1.0,audi,3.0,T,T,T,True,HIBOU,ululant,OWL,hooting,,40.wav,40.wav,,,,,,,1.0,c,TRUE,TRUE,TRUE,TRUE,TRUE,TRUE,TRUE,TRUE,TRUE,True,20.145590708050737
audi3,véau3s2,68.0,audi3vv,1.0,Critical,au,3.0,s,2.0,audi,3.0,T,T,T,True,MIXEUR,bruyant,BLENDER,noisy,,38.wav,38.wav,,,,,,,1.0,c,TRUE,TRUE,TRUE,TRUE,TRUE,TRUE,TRUE,TRUE,TRUE,True,15.308820835753668
audi3,véau3s3,69.0,audi3vv,2.0,Critical,au,3.0,s,3.0,audi,3.0,T,T,T,True,MOTO,pétaradante,MOTORCYCLE,roaring,,36.wav,36.wav,,,,,,,1.0,c,TRUE,TRUE,TRUE,TRUE,TRUE,TRUE,TRUE,TRUE,TRUE,True,17.96825169214244
audi3,véau3s4,70.0,audi3vv,2.0,Critical,au,3.0,s,4.0,audi,3.0,T,T,T,True,MOUTON,bêlant,CAT,hissing,,33.wav,33.wav,,,,,,,1.0,c,TRUE,TRUE,TRUE,TRUE,TRUE,TRUE,TRUE,TRUE,TRUE,True,18.072371714590922
audi3,véau3s5,71.0,audi3vv,3.0,Critical,au,3.0,s,5.0,audi,3.0,T,T,T,True,MURMURE,audible,WHISPER,audible,,34.wav,34.wav,,,,,,,1.0,c,TRUE,TRUE,TRUE,TRUE,TRUE,TRUE,TRUE,TRUE,TRUE,True,15.310872348101812
audi3,véau3s6,72.0,audi3vv,3.0,Critical,au,3.0,s,6.0,audi,3.0,T,T,T,True,FANFARE,claironnante,ORCHESTRA,cacophonous,,37.wav,37.wav,,,,,,,1.0,c,TRUE,TRUE,TRUE,TRUE,TRUE,TRUE,TRUE,TRUE,TRUE,True,17.394188227470256
visu0,Filvi0i1,73.0,visu0ff,1.0,Filler,vi,0.0,i,1.0,visu,0.0,F,F,F,True,RACISME,noir,RACISM,green,,,,rien,,,rien,,,3.0,b,TRUE,TRUE,TRUE,TRUE,TRUE,TRUE,TRUE,TRUE,TRUE,True,19.51540218207689
visu0,Filvi0i2,74.0,visu0ff,1.0,Filler,vi,0.0,i,2.0,visu,0.0,F,F,F,True,PLAISIR,osseux,PLEASURE,bony,,,,rien,,,rien,,,3.0,b,TRUE,TRUE,TRUE,TRUE,TRUE,TRUE,TRUE,TRUE,TRUE,True,22.088701691943026
visu0,Filvi0i3,75.0,visu0ff,2.0,Filler,vi,0.0,i,3.0,visu,0.0,F,F,F,True,BISCUIT,acide,BISCUIT,sour,,,,rien,,,rien,,,3.0,b,TRUE,TRUE,TRUE,TRUE,TRUE,TRUE,TRUE,TRUE,TRUE,True,15.00102617686513
visu0,Filvi0i4,76.0,visu0ff,2.0,Filler,vi,0.0,i,4.0,visu,0.0,F,F,F,True,LAITTUE,riante,LETTUCE,laughing,,,,rien,,,rien,,,3.0,b,TRUE,TRUE,TRUE,TRUE,TRUE,TRUE,TRUE,TRUE,TRUE,True,21.278730425023262
visu0,Filvi0i5,77.0,visu0ff,3.0,Filler,vi,0.0,i,5.0,visu,0.0,F,F,F,True,ART,poivré,ART,peppery,,,,rien,,,rien,,,3.0,b,TRUE,TRUE,TRUE,TRUE,TRUE,TRUE,TRUE,TRUE,TRUE,True,28.894676429067434
visu0,Filvi0i6,78.0,visu0ff,3.0,Filler,vi,0.0,i,6.0,visu,0.0,F,F,F,True,BIÈRE,vinifiée,BEER,distilled,,,,rien,,,rien,,,3.0,b,TRUE,TRUE,TRUE,TRUE,TRUE,TRUE,TRUE,TRUE,TRUE,True,10.309051526729856
visu1,Filvi1i1,79.0,visu1ff,1.0,Filler,vi,1.0,i,1.0,visu,1.0,F,F,F,True,GAUFRE,mélangée,WAFFLE,mixed,,,,7.bmp,,,5.bmp,,,3.0,b,TRUE,TRUE,TRUE,TRUE,TRUE,TRUE,TRUE,TRUE,TRUE,False,10.422975383328696
visu1,Filvi1i2,80.0,visu1ff,1.0,Filler,vi,1.0,i,2.0,visu,1.0,F,F,F,True,MONARCHIE,républicaine,MONARCHY,republican,,,,e.bmp,,,c.bmp,,,3.0,b,TRUE,TRUE,TRUE,TRUE,TRUE,TRUE,TRUE,TRUE,TRUE,False,13.737754790126402
visu1,Filvi1i3,81.0,visu1ff,2.0,Filler,vi,1.0,i,3.0,visu,1.0,F,F,F,True,GLOIRE,pavée,GLORY,paved,,,,5.bmp,,,8.bmp,,,3.0,b,TRUE,TRUE,TRUE,TRUE,TRUE,TRUE,TRUE,TRUE,TRUE,False,18.261118785442903
visu1,Filvi1i4,82.0,visu1ff,2.0,Filler,vi,1.0,i,4.0,visu,1.0,F,F,F,True,GUERRE,lignée,WAR,lined,,,,k.bmp,,,a.bmp,,,3.0,b,TRUE,TRUE,TRUE,TRUE,TRUE,TRUE,TRUE,TRUE,TRUE,False,18.770231438422208
visu1,Filvi1i5,83.0,visu1ff,3.0,Filler,vi,1.0,i,5.0,visu,1.0,F,F,F,True,HOPITAL ,malade,HOSPITAL,sick,,,,10.bmp,,,7.bmp,,,3.0,b,TRUE,TRUE,TRUE,TRUE,TRUE,TRUE,TRUE,TRUE,TRUE,False,13.93914924705434
visu1,Filvi1i6,84.0,visu1ff,3.0,Filler,vi,1.0,i,6.0,visu,1.0,F,F,F,True,LINOLÉUM ,en cuir,LINOLEUM,leather,,,,f.bmp,,,c.bmp,,,3.0,b,TRUE,TRUE,TRUE,TRUE,TRUE,TRUE,TRUE,TRUE,TRUE,False,18.197972744850713
visu3,Filvi3i1,85.0,visu3ff,1.0,Filler,vi,3.0,i,1.0,visu,3.0,F,F,F,True,ARC-EN-CIEL,poudreux,RAINBOW,powdery,,,,1.bmp,5.bmp,9.bmp,3.bmp,3.bmp,9.bmp,3.0,b,TRUE,TRUE,TRUE,TRUE,TRUE,TRUE,TRUE,TRUE,TRUE,False,19.42403774783243
visu3,Filvi3i2,86.0,visu3ff,1.0,Filler,vi,3.0,i,2.0,visu,3.0,F,F,F,True,ATROCITÉ,laineuse,ATROCITY,wooly,,,,k.bmp,c.bmp,d.bmp,a.bmp,c.bmp,e.bmp,3.0,b,TRUE,TRUE,TRUE,TRUE,TRUE,TRUE,TRUE,TRUE,TRUE,False,22.891598703729787
visu3,Filvi3i3,87.0,visu3ff,2.0,Filler,vi,3.0,i,3.0,visu,3.0,F,F,F,True,LAVE,froide,LAVA,cold,,,,3.bmp,6.bmp,a.bmp,3.bmp,7.bmp,7.bmp,3.0,b,TRUE,TRUE,TRUE,TRUE,TRUE,TRUE,TRUE,TRUE,TRUE,True,10.273797830710695
visu3,Filvi3i4,88.0,visu3ff,2.0,Filler,vi,3.0,i,4.0,visu,3.0,F,F,F,True,HAINE,chaleureuse,HATE,warm,,,,k.bmp,l.bmp,a.bmp,6.bmp,l.bmp,k.bmp,3.0,b,TRUE,TRUE,TRUE,TRUE,TRUE,TRUE,TRUE,TRUE,TRUE,False,15.111437071039402
visu3,Filvi3i5,89.0,visu3ff,3.0,Filler,vi,3.0,i,5.0,visu,3.0,F,F,F,True,MORT,mince,DEATH,thin,,,,7.bmp,2.bmp,11.bmp,7.bmp,6.bmp,4.bmp,3.0,b,TRUE,TRUE,TRUE,TRUE,TRUE,TRUE,TRUE,TRUE,TRUE,True,17.617453179475085
visu3,Filvi3i6,90.0,visu3ff,3.0,Filler,vi,3.0,i,6.0,visu,3.0,F,F,F,True,RABIN,catholique,RABBI,catholic,,,,3.bmp,11.bmp,9.bmp,6.bmp,11.bmp,9.bmp,3.0,b,TRUE,TRUE,TRUE,TRUE,TRUE,TRUE,TRUE,TRUE,TRUE,False,18.046227050790424
audi0,Filau0s1,91.0,audi0ff,1.0,Filler,au,0.0,s,1.0,audi,0.0,F,F,F,True,GOMME,chevelue,ERASER,hairy,,rien,rien,,,,,,,3.0,b,TRUE,TRUE,TRUE,TRUE,TRUE,TRUE,TRUE,TRUE,TRUE,True,18.52386817706976
audi0,Filau0s2,92.0,audi0ff,1.0,Filler,au,0.0,s,2.0,audi,0.0,F,F,F,True,LIBERTÉ,solaire,FREEDOM,solar,1_A,rien,rien,,,,,,,3.0,b,TRUE,TRUE,TRUE,TRUE,TRUE,TRUE,TRUE,TRUE,TRUE,True,20.69466543658465
audi0,Filau0s3,93.0,audi0ff,2.0,Filler,au,0.0,s,3.0,audi,0.0,F,F,F,True,PLOMB,léger,LEAD,light,,rien,rien,,,,,,,3.0,b,TRUE,TRUE,TRUE,TRUE,TRUE,TRUE,TRUE,TRUE,TRUE,True,15.790021667776895
audi0,Filau0s4,94.0,audi0ff,2.0,Filler,au,0.0,s,4.0,audi,0.0,F,F,F,True,SOMMEIL,musclé,SLEEP,muscular,,rien,rien,,,,,,,3.0,b,TRUE,TRUE,TRUE,TRUE,TRUE,TRUE,TRUE,TRUE,TRUE,True,18.280469654026344
audi0,Filau0s5,95.0,audi0ff,3.0,Filler,au,0.0,s,5.0,audi,0.0,F,F,F,True,HUILE,pilée,OIL,crushed,,rien,rien,,,,,,,3.0,b,TRUE,TRUE,TRUE,TRUE,TRUE,TRUE,TRUE,TRUE,TRUE,True,12.584474473305052
audi0,Filau0s6,96.0,audi0ff,3.0,Filler,au,0.0,s,6.0,audi,0.0,F,F,F,True,DÉSORDRE,aligné,MESS,aligned,,rien,rien,,,,,,,3.0,b,TRUE,TRUE,TRUE,TRUE,TRUE,TRUE,TRUE,TRUE,TRUE,True,15.094902343175775
audi1,Filau1s1,97.0,audi1ff,1.0,Filler,au,1.0,s,1.0,audi,1.0,F,F,F,True,ENFER,drôle,HELL,funny,,2.wav,8.wav,,,,,,,3.0,b,TRUE,TRUE,TRUE,TRUE,TRUE,TRUE,FALSE,FALSE,TRUE,True,7.4865153397983395
audi1,Filau1s2,98.0,audi1ff,1.0,Filler,au,1.0,s,2.0,audi,1.0,F,F,F,True,LUMIÈRE,marron,LIGHT,brown,,6.wav,1.wav,,,,,,,3.0,b,TRUE,TRUE,TRUE,TRUE,TRUE,TRUE,FALSE,FALSE,TRUE,True,14.76655216534465
audi1,Filau1s3,99.0,audi1ff,2.0,Filler,au,1.0,s,3.0,audi,1.0,F,F,F,True,FRANCHISE,taiseuse,CANDOUR,silent,3_A,7.wav,2.wav,,,,,,,3.0,b,TRUE,TRUE,TRUE,TRUE,TRUE,TRUE,FALSE,FALSE,TRUE,True,16.70826171527422
audi1,Filau1s4,100.0,audi1ff,2.0,Filler,au,1.0,s,4.0,audi,1.0,F,F,F,True,MÉCHANCETÉ,frappée,WICKIDNESS,struck,,8.wav,3.wav,,,,,,,3.0,b,TRUE,TRUE,TRUE,TRUE,TRUE,TRUE,FALSE,FALSE,TRUE,True,16.013254199538768
audi1,Filau1s5,101.0,audi1ff,3.0,Filler,au,1.0,s,5.0,audi,1.0,F,F,F,True,SUSPITION,en polyerster,SUSPICION,polyester,,9.wav,7.wav,,,,,,,3.0,b,TRUE,TRUE,TRUE,TRUE,TRUE,TRUE,FALSE,FALSE,TRUE,True,27.289277848204616
audi1,Filau1s6,102.0,audi1ff,3.0,Filler,au,1.0,s,6.0,audi,1.0,F,F,F,True,PIERRE,flottante,STONE,buoyant,,10.wav,4.wav,,,,,,,3.0,b,TRUE,TRUE,TRUE,TRUE,TRUE,TRUE,FALSE,FALSE,TRUE,True,20.202885105422325
audi3,Filau3s1,103.0,audi3ff,1.0,Filler,au,3.0,s,1.0,audi,3.0,F,F,F,True,EQUITÉ,lavée,FAIRNESS,washed,,35.wav,37.wav,,,,,,,3.0,b,TRUE,TRUE,TRUE,TRUE,TRUE,TRUE,FALSE,FALSE,TRUE,True,16.785253300173817
audi3,Filau3s2,104.0,audi3ff,1.0,Filler,au,3.0,s,2.0,audi,3.0,F,F,F,True,PNEU,triangulaire,TIRE,triangular,,31.wav,38.wav,,,,,,,3.0,b,TRUE,TRUE,TRUE,TRUE,TRUE,TRUE,FALSE,FALSE,TRUE,True,18.164869385789995
audi3,Filau3s3,105.0,audi3ff,2.0,Filler,au,3.0,s,3.0,audi,3.0,F,F,F,True,JUPITER,visitée,JUPITER,visited,,32.wav,39.wav,,,,,,,3.0,b,TRUE,TRUE,TRUE,TRUE,TRUE,TRUE,FALSE,FALSE,TRUE,True,9.927477443450258
audi3,Filau3s4,106.0,audi3ff,2.0,Filler,au,3.0,s,4.0,audi,3.0,F,F,F,True,GRANITE,flexible,GRANITE,flexible,,33.wav,36.wav,,,,,,,3.0,b,TRUE,TRUE,TRUE,TRUE,TRUE,TRUE,FALSE,FALSE,TRUE,True,16.042891483763746
audi3,Filau3s5,107.0,audi3ff,3.0,Filler,au,3.0,s,5.0,audi,3.0,F,F,F,True,DIFFICULTÉ,apétissante,DIFFICULTY,appetizing,,34.wav,40.wav,,,,,,,3.0,b,TRUE,TRUE,TRUE,TRUE,TRUE,TRUE,FALSE,FALSE,TRUE,True,19.542696183308657
audi3,Filau3s6,108.0,audi3ff,3.0,Filler,au,3.0,s,6.0,audi,3.0,F,F,F,True,BAGUE,infidèle,RING,unfaithful,,41.wav,37.wav,,,,,,,3.0,b,TRUE,TRUE,TRUE,TRUE,TRUE,TRUE,FALSE,FALSE,TRUE,True,19.416069026102168
audi0,Filvi0s1,109.0,audi0ff,1.0,Filler,vi,0.0,s,1.0,audi,0.0,F,F,F,True,NEIGE,transpirante,SNOW,sweaty,,rien,rien,,,,,,,3.0,b,TRUE,TRUE,TRUE,TRUE,TRUE,TRUE,TRUE,TRUE,TRUE,True,18.953166612301967
audi0,Filvi0s2,110.0,audi0ff,1.0,Filler,vi,0.0,s,2.0,audi,0.0,F,F,F,True,ECOLOGIE,polluée,ECOLOGY,polluted,,rien,rien,,,,,,,3.0,b,TRUE,TRUE,TRUE,TRUE,TRUE,TRUE,TRUE,TRUE,TRUE,True,18.19013169730348
audi0,Filvi0s3,111.0,audi0ff,2.0,Filler,vi,0.0,s,3.0,audi,0.0,F,F,F,True,CONFITURE,croquante,JAM,crunchy,,rien,rien,,,,,,,3.0,b,TRUE,TRUE,TRUE,TRUE,TRUE,TRUE,TRUE,TRUE,TRUE,True,16.998336755091266
audi0,Filvi0s4,112.0,audi0ff,2.0,Filler,vi,0.0,s,4.0,audi,0.0,F,F,F,True,MALADIE,neigeuse,DISEASE,snowy,,rien,rien,,,,,,,3.0,b,TRUE,TRUE,TRUE,TRUE,TRUE,TRUE,TRUE,TRUE,TRUE,True,20.407307995645347
audi0,Filvi0s5,113.0,audi0ff,3.0,Filler,vi,0.0,s,5.0,audi,0.0,F,F,F,True,NONNE,mariée,NUN,married,,rien,rien,,,,,,,3.0,b,TRUE,TRUE,TRUE,TRUE,TRUE,TRUE,TRUE,TRUE,TRUE,True,12.005017452827042
audi0,Filvi0s6,114.0,audi0ff,3.0,Filler,vi,0.0,s,6.0,audi,0.0,F,F,F,True,POIVRE,fade,PEPPER,bland,,rien,rien,,,,,,,3.0,b,TRUE,TRUE,TRUE,TRUE,TRUE,TRUE,TRUE,TRUE,TRUE,True,16.536558643635296
audi1,Filvi1s1,115.0,audi1ff,1.0,Filler,vi,1.0,s,1.0,audi,1.0,F,F,F,True,TRAHISON,chatouillée,BETRAYAL,tickled,,8.wav,9.wav,,,,,,,3.0,b,TRUE,TRUE,TRUE,TRUE,TRUE,TRUE,FALSE,FALSE,TRUE,True,22.980165463750954
audi1,Filvi1s2,116.0,audi1ff,1.0,Filler,vi,1.0,s,2.0,audi,1.0,F,F,F,True,HAMSTER,rocheux,HAMSTER,rocky,,1.wav,2.wav,,,,,,,3.0,b,TRUE,TRUE,TRUE,TRUE,TRUE,TRUE,FALSE,FALSE,TRUE,True,17.597262662377844
audi1,Filvi1s3,117.0,audi1ff,2.0,Filler,vi,1.0,s,3.0,audi,1.0,F,F,F,True,SOUFFRANCE,plastifiée,SUFFERING,laminated,,2.wav,4.wav,,,,,,,3.0,b,TRUE,TRUE,TRUE,TRUE,TRUE,TRUE,FALSE,FALSE,TRUE,True,20.497718418940117
audi1,Filvi1s4,118.0,audi1ff,2.0,Filler,vi,1.0,s,4.0,audi,1.0,F,F,F,True,AIR,frappé,AIR,hit,,3.wav,5.wav,,,,,,,3.0,b,TRUE,TRUE,TRUE,TRUE,TRUE,TRUE,FALSE,FALSE,TRUE,True,11.28922286559494
audi1,Filvi1s5,119.0,audi1ff,3.0,Filler,vi,1.0,s,5.0,audi,1.0,F,F,F,True,SÛRE,caramélisé,SAFEGUARD,caramelized,,7.wav,5.wav,,,,,,,3.0,b,TRUE,TRUE,TRUE,TRUE,TRUE,TRUE,FALSE,FALSE,TRUE,True,20.62197803135089
audi1,Filvi1s6,120.0,audi1ff,3.0,Filler,vi,1.0,s,6.0,audi,1.0,F,F,F,True,CONFORT,glissant,COMFORT,slippery,,11.wav,6.wav,,,,,,,3.0,b,TRUE,TRUE,TRUE,TRUE,TRUE,TRUE,FALSE,FALSE,TRUE,True,13.058707088280785
audi3,Filvi3s1,121.0,audi3ff,1.0,Filler,vi,3.0,s,1.0,audi,3.0,F,F,F,True,ETUDE,vagissante,STUDY,wailing,,31.wav,35.wav,,,,,,,3.0,b,TRUE,TRUE,TRUE,TRUE,TRUE,TRUE,FALSE,FALSE,TRUE,True,27.6165892856063
audi3,Filvi3s2,122.0,audi3ff,1.0,Filler,vi,3.0,s,2.0,audi,3.0,F,F,F,True,GAIETÉ,flottante,JOY,floating,,37.wav,36.wav,,,,,,,3.0,b,TRUE,TRUE,TRUE,TRUE,TRUE,TRUE,FALSE,FALSE,TRUE,True,17.7935947024073
audi3,Filvi3s3,123.0,audi3ff,2.0,Filler,vi,3.0,s,3.0,audi,3.0,F,F,F,True,ROBE,métalique,DRESS,metallic,,38.wav,40.wav,,,,,,,3.0,b,TRUE,TRUE,TRUE,TRUE,TRUE,TRUE,FALSE,FALSE,TRUE,True,17.33790216140203
audi3,Filvi3s4,124.0,audi3ff,2.0,Filler,vi,3.0,s,4.0,audi,3.0,F,F,F,True,CRÉATION,perverse,CREATION,perverse,,39.wav,37.wav,,,,,,,3.0,b,TRUE,TRUE,TRUE,TRUE,TRUE,TRUE,FALSE,FALSE,TRUE,True,16.430827852173667
audi3,Filvi3s5,125.0,audi3ff,3.0,Filler,vi,3.0,s,5.0,audi,3.0,F,F,F,True,CENDRIER,allégé,ASHTRAY,lightened,,40.wav,38.wav,,,,,,,3.0,b,TRUE,TRUE,TRUE,TRUE,TRUE,TRUE,FALSE,FALSE,TRUE,True,17.926012755274304
audi3,Filvi3s6,126.0,audi3ff,3.0,Filler,vi,3.0,s,6.0,audi,3.0,F,F,F,True,VÉRITÉ,rugueuse,TRUTH,rough,,36.wav,41.wav,,,,,,,3.0,b,TRUE,TRUE,TRUE,TRUE,TRUE,TRUE,FALSE,FALSE,TRUE,True,12.25258824992871
visu0,Filau0i1,127.0,visu0ff,1.0,Filler,au,0.0,i,1.0,visu,0.0,F,F,F,True,FAUTE,tambourinante,FAULT,drumming,,,,rien,,,rien,,,3.0,b,TRUE,TRUE,TRUE,TRUE,TRUE,TRUE,TRUE,TRUE,TRUE,True,20.027791195494054
visu0,Filau0i2,128.0,visu0ff,1.0,Filler,au,0.0,i,2.0,visu,0.0,F,F,F,True,INTELLIGENCE,glabre,INTELLIGENCE,hairless,,,,rien,,,rien,,,3.0,b,TRUE,TRUE,TRUE,TRUE,TRUE,TRUE,TRUE,TRUE,TRUE,True,19.640144953056858
visu0,Filau0i3,129.0,visu0ff,2.0,Filler,au,0.0,i,3.0,visu,0.0,F,F,F,True,DIABLE,angélique,DEVIL,angelic,,,,rien,,,rien,,,3.0,b,TRUE,TRUE,TRUE,TRUE,TRUE,TRUE,TRUE,TRUE,TRUE,True,17.709607777793437
visu0,Filau0i4,130.0,visu0ff,2.0,Filler,au,0.0,i,4.0,visu,0.0,F,F,F,True,MÉTÉOR,décolant,METEOR,launching,,,,rien,,,rien,,,3.0,b,TRUE,TRUE,TRUE,TRUE,TRUE,TRUE,TRUE,TRUE,TRUE,True,17.417774086950768
visu0,Filau0i5,131.0,visu0ff,3.0,Filler,au,0.0,i,5.0,visu,0.0,F,F,F,True,CACTUS,caressé,CACTUS,caressed,,,,rien,,,rien,,,3.0,b,TRUE,TRUE,TRUE,TRUE,TRUE,TRUE,TRUE,TRUE,TRUE,True,21.88923308862517
visu0,Filau0i6,132.0,visu0ff,3.0,Filler,au,0.0,i,6.0,visu,0.0,F,F,F,True,DOULEUR,fibreuse,PAIN,fibrous,,,,rien,,,rien,,,3.0,b,TRUE,TRUE,TRUE,TRUE,TRUE,TRUE,TRUE,TRUE,TRUE,True,23.657425810710414
visu1,Filau1i1,133.0,visu1ff,1.0,Filler,au,1.0,i,1.0,visu,1.0,F,F,F,True,OURAGAN,prévenu,HURRICANE,warned,,,,3.bmp,,,1.bmp,,,3.0,b,TRUE,TRUE,TRUE,TRUE,TRUE,TRUE,TRUE,TRUE,TRUE,False,14.188441179339788
visu1,Filau1i2,134.0,visu1ff,1.0,Filler,au,1.0,i,2.0,visu,1.0,F,F,F,True,USURE,chaussée,EROSION,worn,,,,a.bmp,,,k.bmp,,,3.0,b,TRUE,TRUE,TRUE,TRUE,TRUE,TRUE,TRUE,TRUE,TRUE,False,13.205993267700181
visu1,Filau1i3,135.0,visu1ff,2.0,Filler,au,1.0,i,3.0,visu,1.0,F,F,F,True,MANDIANT,riche,BEGGAR,rich,,,,6.bmp,,,4.bmp,,,3.0,b,TRUE,TRUE,TRUE,TRUE,TRUE,TRUE,TRUE,TRUE,TRUE,False,10.164721429449243
visu1,Filau1i4,136.0,visu1ff,2.0,Filler,au,1.0,i,4.0,visu,1.0,F,F,F,True,TOMATE,beige,TOMATO,beige,,,,b.bmp,,,8.bmp,,,3.0,b,TRUE,TRUE,TRUE,TRUE,TRUE,TRUE,TRUE,TRUE,TRUE,False,26.194409368198777
visu1,Filau1i5,137.0,visu1ff,3.0,Filler,au,1.0,i,5.0,visu,1.0,F,F,F,True,GÂTEAU,bedonnant,CAKE,potbellied,,,,3.bmp,,,h.bmp,,,3.0,b,TRUE,TRUE,TRUE,TRUE,TRUE,TRUE,TRUE,TRUE,TRUE,False,28.458283727079316
visu1,Filau1i6,138.0,visu1ff,3.0,Filler,au,1.0,i,6.0,visu,1.0,F,F,F,True,BAR,grillé,BAR,grilled,,,,4.bmp,,,l.bmp,,,3.0,b,TRUE,TRUE,TRUE,TRUE,TRUE,TRUE,TRUE,TRUE,TRUE,False,17.11210451785746
visu3,Filau3i1,139.0,visu3ff,1.0,Filler,au,3.0,i,1.0,visu,3.0,F,F,F,True,DÉMON,mansardé,DEMON,pitched,,,,k.bmp,a.bmp,8.bmp,l.bmp,3.bmp,9.bmp,3.0,b,TRUE,TRUE,TRUE,TRUE,TRUE,TRUE,TRUE,TRUE,TRUE,False,15.914218955761903
visu3,Filau3i2,140.0,visu3ff,1.0,Filler,au,3.0,i,2.0,visu,3.0,F,F,F,True,PROPRE,poussiéreux,CLEANLINESS,dusty,,,,8.bmp,l.bmp,2.bmp,9.bmp,7.bmp,2.bmp,3.0,b,TRUE,TRUE,TRUE,TRUE,TRUE,TRUE,TRUE,TRUE,TRUE,False,17.99366187989762
visu3,Filau3i3,141.0,visu3ff,2.0,Filler,au,3.0,i,3.0,visu,3.0,F,F,F,True,CAUCHEMAR,éspéré,NIGHTMARE,desirable,,,,c.bmp,h.bmp,10.bmp,c.bmp,d.bmp,7.bmp,3.0,b,TRUE,TRUE,TRUE,TRUE,TRUE,TRUE,TRUE,TRUE,TRUE,True,17.63899261643556
visu3,Filau3i4,142.0,visu3ff,2.0,Filler,au,3.0,i,4.0,visu,3.0,F,F,F,True,ÉPINARDS,bu,SPINACH,drunk,,,,g.bmp,e.bmp,c.bmp,a.bmp,e.bmp,a.bmp,3.0,b,TRUE,TRUE,TRUE,TRUE,TRUE,TRUE,TRUE,TRUE,TRUE,False,11.90395522251773
visu3,Filau3i5,143.0,visu3ff,3.0,Filler,au,3.0,i,5.0,visu,3.0,F,F,F,True,ERREUR,pilotée,ERROR,controlled,,,,5.bmp,5.bmp,11.bmp,9.bmp,5.bmp,2.bmp,3.0,b,TRUE,TRUE,TRUE,TRUE,TRUE,TRUE,TRUE,TRUE,TRUE,False,11.02942277544017
visu3,Filau3i6,144.0,visu3ff,3.0,Filler,au,3.0,i,6.0,visu,3.0,F,F,F,True,ÉTERNITÉ,vue,ETERNITY,seen,,,,h.bmp,c.bmp,f.bmp,h.bmp,g.bmp,k.bmp,3.0,b,TRUE,TRUE,TRUE,TRUE,TRUE,TRUE,TRUE,TRUE,TRUE,True,5.252816287961685
visu0,FilFV0i1,145.0,visu0fv,1.0,Filler,FV,0.0,i,1.0,visu,0.0,T,F,F,True,BEAU,plombé,VISION,leaden,,,,rien,,,rien,,,3.0,c,TRUE,TRUE,TRUE,TRUE,TRUE,TRUE,TRUE,TRUE,TRUE,True,24.71917001257744
visu0,FilFV0i2,146.0,visu0fv,1.0,Filler,FV,0.0,i,2.0,visu,0.0,T,F,F,True,CAFARD,sprintant,COCKROACH,glowing,,,,rien,,,rien,,,3.0,c,TRUE,TRUE,TRUE,TRUE,TRUE,TRUE,TRUE,TRUE,TRUE,True,19.461559360455873
visu0,FilFV0i3,147.0,visu0fv,2.0,Filler,FV,0.0,i,3.0,visu,0.0,T,F,F,True,BONHEUR,tirebouchonné,HAPPINESS,corkscrewed,,,,rien,,,rien,,,3.0,c,TRUE,TRUE,TRUE,TRUE,TRUE,TRUE,TRUE,TRUE,TRUE,True,29.92287778368344
visu0,FilFV0i4,148.0,visu0fv,2.0,Filler,FV,0.0,i,4.0,visu,0.0,T,F,F,True,MALADIE,neigeuse,DISEASE,snowy,,,,rien,,,rien,,,3.0,c,TRUE,TRUE,TRUE,TRUE,TRUE,TRUE,TRUE,TRUE,TRUE,True,20.404907351097307
visu1,FilFV1i1,149.0,visu1fv,3.0,Filler,FV,1.0,i,1.0,visu,1.0,T,F,F,True,CHAUSSETTE,délassée,SOCK,relaxed,,,,11.bmp,,,11.bmp,,,3.0,c,TRUE,TRUE,TRUE,TRUE,TRUE,TRUE,TRUE,TRUE,TRUE,True,14.198775203917677
visu1,FilFV1i2,150.0,visu1fv,3.0,Filler,FV,1.0,i,2.0,visu,1.0,T,F,F,True,ESPRIT,spongieux,SPIRIT,spongey,,,,k.bmp,,,k.bmp,,,3.0,c,TRUE,TRUE,TRUE,TRUE,TRUE,TRUE,TRUE,TRUE,TRUE,True,22.33018143058206
visu1,FilFV1i3,151.0,visu1fv,1.0,Filler,FV,1.0,i,3.0,visu,1.0,T,F,F,True,CIGARETTE,essouflée,CIGARETTE,breathless,,,,9.bmp,,,9.bmp,,,3.0,c,TRUE,TRUE,TRUE,TRUE,TRUE,TRUE,TRUE,TRUE,TRUE,True,19.44022247787914
visu3,FilFV3i1,152.0,visu3fv,1.0,Filler,FV,3.0,i,1.0,visu,3.0,T,F,F,True,IDÉE,célibataire,IDEA,unmarried,,,,9.bmp,g.bmp,5.bmp,9.bmp,g.bmp,5.bmp,3.0,c,TRUE,TRUE,TRUE,TRUE,TRUE,TRUE,TRUE,TRUE,TRUE,True,19.813862604050875
visu3,FilFV3i2,153.0,visu3fv,2.0,Filler,FV,3.0,i,2.0,visu,3.0,T,F,F,True,PÉNURIE,manquante,SHORTAGE,missing,,,,3.bmp,5.bmp,6.bmp,3.bmp,5.bmp,6.bmp,3.0,c,TRUE,TRUE,TRUE,TRUE,TRUE,TRUE,TRUE,TRUE,TRUE,True,17.002035542407874
visu3,FilFV3i3,154.0,visu3fv,2.0,Filler,FV,3.0,i,3.0,visu,3.0,T,F,F,True,CRISE,riche,CRISIS,rich,,,,c.bmp,a.bmp,k.bmp,c.bmp,a.bmp,k.bmp,3.0,c,TRUE,TRUE,TRUE,TRUE,TRUE,TRUE,TRUE,TRUE,TRUE,True,15.480029062993562
audi0,FilFV0s1,155.0,audi0fv,3.0,Filler,FV,0.0,s,1.0,audi,0.0,T,F,F,True,CHAOS,détruit,CHAOS,destroyed,,rien,rien,,,,,,,3.0,c,TRUE,TRUE,TRUE,TRUE,TRUE,TRUE,TRUE,TRUE,TRUE,True,12.622045137559882
audi0,FilFV0s2,156.0,audi0fv,3.0,Filler,FV,0.0,s,2.0,audi,0.0,T,F,F,True,HUMOUR,blafard,HUMOR,dull,,rien,rien,,,,,,,3.0,c,TRUE,TRUE,TRUE,TRUE,TRUE,TRUE,TRUE,TRUE,TRUE,True,16.110998231254037
audi0,FilFV0s3,157.0,audi0fv,1.0,Filler,FV,0.0,s,3.0,audi,0.0,T,F,F,True,LIBERTÉ,solaire,FREEDOM,solar,1_B,rien,rien,,,,,,,3.0,c,TRUE,TRUE,TRUE,TRUE,TRUE,TRUE,TRUE,TRUE,TRUE,True,20.682141400934693
audi0,FilFV0s4,158.0,audi0fv,2.0,Filler,FV,0.0,s,4.0,audi,0.0,T,F,F,True,FEU,tenu,FIRE,held,,rien,rien,,,,,,,3.0,c,TRUE,TRUE,TRUE,TRUE,TRUE,TRUE,TRUE,TRUE,TRUE,True,10.138448077251102
audi1,FilFV1s1,159.0,audi1fv,1.0,Filler,FV,1.0,s,1.0,audi,1.0,T,F,F,True,RAGE,graisseuse,ANGER,greasy,,1.wav,1.wav,,,,,,,3.0,c,TRUE,TRUE,TRUE,TRUE,TRUE,TRUE,TRUE,TRUE,TRUE,True,24.53886631445226
audi1,FilFV1s2,160.0,audi1fv,2.0,Filler,FV,1.0,s,2.0,audi,1.0,T,F,F,True,FRANCHISE,taiseuse,CANDOUR,silent,3_B,8.wav,8.wav,,,,,,,3.0,c,TRUE,TRUE,TRUE,TRUE,TRUE,TRUE,TRUE,TRUE,TRUE,True,16.707090968248536
audi1,FilFV1s3,161.0,audi1fv,3.0,Filler,FV,1.0,s,3.0,audi,1.0,T,F,F,True,REGRET,liquide,REGRET,liquid,,9.wav,9.wav,,,,,,,3.0,c,TRUE,TRUE,TRUE,TRUE,TRUE,TRUE,TRUE,TRUE,TRUE,True,16.047821172718468
audi3,FilFV3s1,162.0,audi3fv,3.0,Filler,FV,3.0,s,1.0,audi,3.0,T,F,F,True,PEINE,cartonnée,PAIN,cardboard,,32.wav,32.wav,,,,,,,3.0,c,TRUE,TRUE,TRUE,TRUE,TRUE,TRUE,TRUE,TRUE,TRUE,True,18.941655348570716
audi3,FilFV3s2,163.0,audi3fv,1.0,Filler,FV,3.0,s,2.0,audi,3.0,T,F,F,True,LIQUIDE,solide,LIQUID,solid,,35.wav,35.wav,,,,,,,3.0,c,TRUE,TRUE,TRUE,TRUE,TRUE,TRUE,TRUE,TRUE,TRUE,True,11.539442883600195
audi3,FilFV3s3,164.0,audi3fv,1.0,Filler,FV,3.0,s,3.0,audi,3.0,T,F,F,True,ESSENCE,crémeuse,GASOLINE,creamy,,39.wav,39.wav,,,,,,,3.0,c,TRUE,TRUE,TRUE,TRUE,TRUE,TRUE,TRUE,TRUE,TRUE,True,17.675410567352717
audi0,FilFV0s1,165.0,audi0vf,2.0,Filler,FV,0.0,s,1.0,audi,0.0,F,T,T,True,ENFANT,embrassé,CHILD,kissed,,rien,rien,,,,,,,1.0,b,TRUE,TRUE,TRUE,TRUE,TRUE,TRUE,TRUE,TRUE,TRUE,True,15.630732265617304
audi1,FilFV1s2,166.0,audi1vf,2.0,Filler,FV,1.0,s,2.0,audi,1.0,F,T,T,True,BLESSURE,inquietante,INJURY,worrying,,7.wav,3.wav,,,,,,,1.0,b,TRUE,TRUE,TRUE,TRUE,TRUE,TRUE,FALSE,FALSE,TRUE,True,15.21200301425465
audi1,FilFV1s3,167.0,audi1vf,1.0,Filler,FV,1.0,s,3.0,audi,1.0,F,T,T,True,CHEVAL,brossé,HORSE,brushed,,9.wav,5.wav,,,,,,,1.0,b,TRUE,TRUE,TRUE,TRUE,TRUE,TRUE,FALSE,FALSE,TRUE,True,11.779770918788088
audi1,FilVF1s4,168.0,audi1vf,3.0,Filler,VF,1.0,s,4.0,audi,1.0,F,T,T,True,SEAU,vidé,BUCKET,emptied,,4.wav,10.wav,,,,,,,1.0,b,TRUE,TRUE,TRUE,TRUE,TRUE,TRUE,FALSE,FALSE,TRUE,True,9.746113797278536
audi0,FilVF2s1,169.0,audi0vf,1.0,Filler,VF,2.0,s,1.0,audi,0.0,F,T,T,True,PIERRE,lancée,STONE,thrown,,rien,rien,,,,,,,1.0,b,TRUE,TRUE,TRUE,TRUE,TRUE,TRUE,TRUE,TRUE,TRUE,True,9.718355046266296
audi0,FilVF2s2,170.0,audi0vf,3.0,Filler,VF,2.0,s,2.0,audi,0.0,F,T,T,True,CRASSE,répugnante,FILTH,disgusting,,rien,rien,,,,,,,1.0,b,TRUE,TRUE,TRUE,TRUE,TRUE,TRUE,TRUE,TRUE,TRUE,True,9.736418020986738
audi3,FilVF2s3,171.0,audi3vf,2.0,Filler,VF,2.0,s,3.0,audi,3.0,F,T,T,True,JUS,versé,JUICE,poured,,38.wav,36.wav,,,,,,,1.0,b,TRUE,TRUE,TRUE,TRUE,TRUE,TRUE,FALSE,FALSE,TRUE,True,9.477579342807214
audi1,FilVF2s4,172.0,audi1vf,2.0,Filler,VF,2.0,s,4.0,audi,1.0,F,T,T,True,VICTIME,affligée,VICTIM,afflicted,,9.wav,2.wav,,,,,,,1.0,b,TRUE,TRUE,TRUE,TRUE,TRUE,TRUE,FALSE,FALSE,TRUE,True,13.065816689442286
audi1,FilVF2s5,173.0,audi1vf,3.0,Filler,VF,2.0,s,5.0,audi,1.0,F,T,T,True,TONDEUSE,poussée,MOWER,pushed,,3.wav,5.wav,,,,,,,1.0,b,TRUE,TRUE,TRUE,TRUE,TRUE,TRUE,FALSE,FALSE,TRUE,True,7.0605711705362
audi3,FilVF2s6,174.0,audi3vf,3.0,Filler,VF,2.0,s,6.0,audi,3.0,F,T,T,True,SERPENT,dangereux,SNAKE,dangerous,,38.wav,37.wav,,,,,,,1.0,b,TRUE,TRUE,TRUE,TRUE,TRUE,TRUE,FALSE,FALSE,TRUE,True,8.724044718922483
audi3,FilVF3s3,175.0,audi3vf,1.0,Filler,VF,3.0,s,3.0,audi,3.0,F,T,T,True,POU,dégoutant,LOUSE,disgusting,,31.wav,38.wav,,,,,,,1.0,b,TRUE,TRUE,TRUE,TRUE,TRUE,TRUE,FALSE,FALSE,TRUE,True,15.922288670473115
audi3,FilVF3s4,176.0,audi3vf,1.0,Filler,VF,3.0,s,4.0,audi,3.0,F,T,T,True,ANNIVERSAIRE,jovial,BIRTHDAY,happy,,35.wav,32.wav,,,,,,,1.0,b,TRUE,TRUE,TRUE,TRUE,TRUE,TRUE,FALSE,FALSE,TRUE,True,9.095512290632144
visu0,FilVF0i4,177.0,visu0vf,2.0,Filler,VF,0.0,i,4.0,visu,0.0,F,T,T,True,DESSIN,esquissé,DRAWING,sketched,,,,rien,,,rien,,,1.0,b,TRUE,TRUE,TRUE,TRUE,TRUE,TRUE,TRUE,TRUE,TRUE,True,13.387837361674823
visu0,FilVF0i5,178.0,visu0vf,2.0,Filler,VF,0.0,i,5.0,visu,0.0,F,T,T,True,MANCHE,agrippée,HANDLE,grasped,,,,rien,,,rien,,,1.0,b,TRUE,TRUE,TRUE,TRUE,TRUE,TRUE,TRUE,TRUE,TRUE,True,16.151419660909664
visu1,FilVF1i1,179.0,visu1vf,3.0,Filler,VF,1.0,i,1.0,visu,1.0,F,T,T,True,FRISBEE,jeté,FRISBEE,thrown,,,,7.bmp,,,1.bmp,,,1.0,b,TRUE,TRUE,TRUE,TRUE,TRUE,TRUE,TRUE,TRUE,TRUE,False,4.824331388463037
visu1,FilVF1i2,180.0,visu1vf,3.0,Filler,VF,1.0,i,2.0,visu,1.0,F,T,T,True,TRUITE,attrapée,TROUT,caught,,,,k.bmp,,,a.bmp,,,1.0,b,TRUE,TRUE,TRUE,TRUE,TRUE,TRUE,TRUE,TRUE,TRUE,False,4.032647435342574
visu1,FilVF1i3,181.0,visu1vf,1.0,Filler,VF,1.0,i,3.0,visu,1.0,F,T,T,True,COUPLE,heureux,COUPLE,happy,,,,4.bmp,,,7.bmp,,,1.0,b,TRUE,TRUE,TRUE,TRUE,TRUE,TRUE,TRUE,TRUE,TRUE,False,9.351810382844661
visu1,FilVF1i4,182.0,visu1vf,1.0,Filler,VF,1.0,i,4.0,visu,1.0,F,T,T,True,ESPOIR,encourageant,HOPE,encouraging,,,,l.bmp,,,b.bmp,,,1.0,b,TRUE,TRUE,TRUE,TRUE,TRUE,TRUE,TRUE,TRUE,TRUE,False,13.179193764620628
visu3,FilVF3i1,183.0,visu3vf,2.0,Filler,VF,3.0,i,1.0,visu,3.0,F,T,T,True,ACCIDENT,triste,ACCIDENT,sad,,,,g.bmp,8.bmp,b.bmp,c.bmp,4.bmp,1.bmp,1.0,b,TRUE,TRUE,TRUE,TRUE,TRUE,TRUE,TRUE,TRUE,TRUE,False,13.432822438198992
visu3,FilVF3i2,184.0,visu3vf,2.0,Filler,VF,3.0,i,2.0,visu,3.0,F,T,T,True,ARGENT,réjouissant,MONEY,delightful,,,,e.bmp,d.bmp,c.bmp,6.bmp,e.bmp,a.bmp,1.0,b,TRUE,TRUE,TRUE,TRUE,TRUE,TRUE,TRUE,TRUE,TRUE,False,16.183761998336312
