,Unnamed: 0,Block,concept_fr,propriétés_fr,concept,property,son,sonb,image1,image2,image3,1b,2b,3b,code,brepcon,brepload,Unnamed: 17,Unnamed: 18,Unnamed: 19,concept_argos,property_argos,concept_iciba,property_iciba,concept_goog,property_goog,n_concepts,n_props
0,audi0,1.0,GOMME,chevelue,ERASER,hairy,rien,,,,,,,,Filau0s1,3.0,b,audi0ff,91.0,audi0f,GUM,hairy,CHEWING GUM,fluffy,GUM,hair,2,3
1,audi0,1.0,LIBERTÉ,solaire,,,rien,,,,,,,,Filau0s2,3.0,b,audi0ff,92.0,audi0f,FREEDOM,solar,FREEDOM,the sun,FREEDOM,solar,1,2
2,audi0,1.0,NEIGE,transpirante,,,rien,,,,,,,,Filvi0s1,3.0,b,audi0ff,109.0,audi0f,SNOW,breathable,,,SNOW,sweaty,2,3
3,audi0,1.0,ECOLOGIE,polluée,,,rien,,,,,,,,Filvi0s2,3.0,b,audi0ff,110.0,audi0f,ECOLOGY,polluted,,,ECOLOGY,polluted,2,2
4,audi0,1.0,LIBERTÉ,solaire,,,rien,,,,,,,,FilFV0s3,3.0,c,audi0fv,157.0,audi0,FREEDOM,solar,FREEDOM,the sun,FREEDOM,solar,1,2
5,audi0,1.0,PIERRE,lancée,,,rien,,,,,,,,FilVF2s1,1.0,b,audi0vf,169.0,audi0f,STONE,thrown,STONE,thrown away,STONE,launched,1,3
6,visu0,1.0,CITRON,jaune,,,,,rien,,,,,,vévi0i1,1.0,c,visu0vv,1.0,visu0,LEMON,yellow,LEMONS,yellow,LEMON,yellow,2,1
7,visu0,1.0,ANGE,ailé,,,,,rien,,,,,,vévi0i2,1.0,c,visu0vv,2.0,visu0,ANGEL,winged,,,ANGEL,winged,2,2
8,visu0,2.0,BAGUE,dorée,RING,golden,,,rien,,,,,,vévi0i3,1.0,c,visu0vv,3.0,visu0,RING,golden,THE RING,gilded,RING,golden,2,2
9,visu0,2.0,BANANE,courbée,,,,,rien,,,,,,vévi0i4,1.0,c,visu0vv,4.0,visu0,BANANA,curved,,,BANANA,bent,2,3
10,audi1,1.0,ENFER,drôle,HELL,funny,2.wav,8.wav,,,,,,,Filau1s1,3.0,b,audi1ff,97.0,audi1f,HELL,funny,HELL,fun,HELL,funny,1,2
11,audi1,1.0,LUMIÈRE,marron,,,6.wav,1.wav,,,,,,,Filau1s2,3.0,b,audi1ff,98.0,audi1f,LIGHT,brown,LIGHT,brown,LIGHT,brown,1,1
12,audi1,1.0,TRAHISON,chatouillée,,,rien,,,,,,,,Filvi1s1,3.0,b,audi1ff,115.0,audi1f,TREASON,scrambled,,,BETRAYAL,tickled,3,3
13,audi1,1.0,HAMSTER,rocheux,,,1.wav,2.wav,,,,,,,Filvi1s2,3.0,b,audi1ff,116.0,audi1f,HAMSTER,rocky,HAMSTERS,rocks,HAMSTER,rocky,2,2
14,audi1,1.0,RAGE,graisseuse,,,1.wav,,,,,,,,FilFV1s1,3.0,c,audi1fv,159.0,audi1,RABIES,fat,RABIES,greasy,RAGE,greasy,2,2
15,audi1,1.0,CHEVAL,brossé,,,9.wav,5.wav,,,,,,,FilFV1s3,1.0,b,audi1vf,167.0,audi1f,HORSE,brushed,,,HORSE,brushed,2,2
16,visu0,3.0,BANDAGE,blanc,BANDAGE,white,,,rien,,,,,,vévi0i5,1.0,c,visu0vv,5.0,visu0,BANDAGE,white,BANDAGES,white,BANDAGE,white,2,1
17,visu0,3.0,CIGARE,brun,,,,,rien,,,,,,vévi0i6,1.0,c,visu0vv,6.0,visu0,CIGAR,brown,CIGARS,brown,CIGAR,brown,2,1
18,visu1,1.0,BIJOU,doré,,,,,5.bmp,,,,,,vévi1i1,1.0,c,visu1vv,7.0,visu1,JEWEL,golden,JEWELRY,gold,JEWEL,golden,2,2
19,visu1,1.0,BOOMERANG,coudé,,,,,e.bmp,,,,,,vévi1i2,1.0,c,visu1vv,8.0,visu1,BOOMERANG,sewn,,,BOOMERANG,sewn,2,2
20,audi3,1.0,EQUITÉ,lavée,Equity,washed,35.wav,37.wav,,,,,,,Filau3s1,3.0,b,audi3ff,103.0,audi3f,EQUITE,washed,FAIRNESS,washed,EQUITY,washed,3,1
21,audi3,1.0,PNEU,triangulaire,,,31.wav,38.wav,,,,,,,Filau3s2,3.0,b,audi3ff,104.0,audi3f,TIRE,triangular,TYRES,triangular,TIRE,triangular,2,1
22,audi3,1.0,ETUDE,vagissante,,,31.wav,35.wav,,,,,,,Filvi3s1,3.0,b,audi3ff,121.0,audi3f,,,LEARNING,wandering,STUDY,vagent,3,3
23,audi3,1.0,GAIETÉ,flottante,,,37.wav,36.wav,,,,,,,Filvi3s2,3.0,b,audi3ff,122.0,audi3f,GAIETÉ,floating,HAPPINESS,floating,GAIETY,floating,3,1
24,audi3,1.0,LIQUIDE,solide,,,35.wav,,,,,,,,FilFV3s2,3.0,c,audi3fv,163.0,audi3,LIQUID,solid,LIQUIDS,solids,LIQUID,solid,2,2
25,audi3,1.0,ESSENCE,crémeuse,,,39.wav,,,,,,,,FilFV3s3,3.0,c,audi3fv,164.0,audi3,PETROL,creamy,GASOLINE,creamy,PETROL,creamy,2,1
26,audi3,1.0,POU,dégoutant,,,31.wav,38.wav,,,,,,,FilVF3s3,1.0,b,audi3vf,175.0,audi3f,,,POU,disgusting,POW,disgusting,3,2
27,audi3,1.0,ANNIVERSAIRE,jovial,,,35.wav,32.wav,,,,,,,FilVF3s4,1.0,b,audi3vf,176.0,audi3f,BIRTHDAY,jovial,BIRTHDAYS,happy,BIRTHDAY,jovial,2,2
28,visu1,2.0,BRIQUE,rectangulaire,,,,,6.bmp,,,,,,vévi1i3,1.0,c,visu1vv,9.0,visu1,BRICK,rectangular,BRICKS,rectangular,BRICK,rectangular,2,1
29,visu1,2.0,CAVE,sombre,,,,,f.bmp,,,,,,vévi1i4,1.0,c,visu1vv,10.0,visu1,CELLAR,dark,THE CELLAR,dark,CAVE,dark,3,1
30,visu1,3.0,CIEL,bleu,,,,,7.bmp,,,,,,vévi1i5,1.0,c,visu1vv,11.0,visu1,SKY,blue,THE SKY,blue,SKY,blue,2,1
31,visu1,3.0,CIMENT,gris,,,,,8.bmp,,,,,,vévi1i6,1.0,c,visu1vv,12.0,visu1,CEMENT,gray,CEMENT,gray,CEMENT,gray,1,1
32,visu0,1.0,RACISME,noir,,,,,rien,,,,,,Filvi0i1,3.0,b,visu0ff,73.0,visu0f,RACISM,black,RACISM,black,RACISM,black,1,1
33,visu0,1.0,PLAISIR,osseux,,,,,rien,,,,,,Filvi0i2,3.0,b,visu0ff,74.0,visu0f,PLEASURE,bone,PLEASURE,in the bones,PLEASURE,bone,1,2
34,visu0,1.0,FAUTE,tambourinante,,,,,rien,,,,,,Filau0i1,3.0,b,visu0ff,127.0,visu0f,FAULT,drumming,,,FAULT,drum,2,3
35,visu0,1.0,INTELLIGENCE,glabre,,,,,rien,,,,,,Filau0i2,3.0,b,visu0ff,128.0,visu0f,INTELLIGENCE,glazed,INTELLIGENCE,hairless,INTELLIGENCE,glabrous,1,3
36,visu0,1.0,BEAU,plombé,,,,,rien,,,,,,FilFV0i1,3.0,c,visu0fv,145.0,visu0,BEAUTIFUL,lead,BEAUTY,filled,BEAUTIFUL,sealed,2,3
37,visu0,1.0,CAFARD,sprintant,,,,,rien,,,,,,FilFV0i2,3.0,c,visu0fv,146.0,visu0,CAFARD,sprinting,,,COCKROACH,sprinting,3,2
38,visu3,1.0,COCCINELLE,tachetée,,,,,1.bmp,3.bmp,9.bmp,,,,vévi3i1,1.0,c,visu3vv,13.0,visu3,COCCINELLE,spotted,,,BEETLE,spotted,3,2
39,visu3,1.0,ECUREUIL,roux,,,,,a.bmp,g.bmp,e.bmp,,,,vévi3i2,1.0,c,visu3vv,14.0,visu3,ECUREUIL,roux,SQUIRRELS,red,ECUREUIL,red,2,2
40,visu3,2.0,FILM,regardé,,,,,3.bmp,7.bmp,10.bmp,,,,vévi3i3,1.0,c,visu3vv,15.0,visu3,FILM,watched,MOVIES,seen,MOVIE,watched,3,2
41,visu3,2.0,FORET,ombragée,FOREST,shady,,,k.bmp,l.bmp,a.bmp,,,,vévi3i4,1.0,c,visu3vv,16.0,visu3,FORET,shaded,THE DRILL BIT,cool,FOREST,shaded,3,2
42,visu1,1.0,GAUFRE,mélangée,,,,,7.bmp,,,5.bmp,,,Filvi1i1,3.0,b,visu1ff,79.0,visu1f,WAFFLE,mixed,WAFFLES,mixed,WAFFLE,mixed,2,1
43,visu1,1.0,MONARCHIE,républicaine,,,,,e.bmp,,,c.bmp,,,Filvi1i2,3.0,b,visu1ff,80.0,visu1f,MONARCHY,republican,MONARCHY,a republic,MONARCHY,republican,1,2
44,visu1,1.0,OURAGAN,prévenu,,,,,3.bmp,,,1.bmp,,,Filau1i1,3.0,b,visu1ff,133.0,visu1f,HURRICANE,prevented,,,HURRICANE,warned,2,3
45,visu1,1.0,USURE,chaussée,,,,,a.bmp,,,k.bmp,,,Filau1i2,3.0,b,visu1ff,134.0,visu1f,WEAR,paved,,,WEAR,put,2,3
46,visu1,1.0,CIGARETTE,essouflée,,,,,9.bmp,,,,,,FilFV1i3,3.0,c,visu1fv,151.0,visu1,CIGARETTE,suffocated,,,CIGARETTE,breathless,2,3
47,visu1,1.0,COUPLE,heureux,,,,,4.bmp,,,7.bmp,,,FilVF1i3,1.0,b,visu1vf,181.0,visu1f,COUPLE,happy,COUPLES,happy,COUPLE,happy,2,1
48,visu1,1.0,ESPOIR,encourageant,,,,,l.bmp,,,b.bmp,,,FilVF1i4,1.0,b,visu1vf,182.0,visu1f,HOPE,encouraging,,,HOPE,encouraging,2,2
49,visu3,3.0,JOYAU,brillant,,,,,10.bmp,2.bmp,6.bmp,,,,vévi3i5,1.0,c,visu3vv,17.0,visu3,JEWEL,brilliant,,,JEWEL,shiny,2,3
50,visu3,3.0,CORBEAU,noir,RAVEN,black,,,2.bmp,6.bmp,f.bmp,,,,vévi3i6,1.0,c,visu3vv,18.0,visu3,CORBEAU,black,CROWS,black,CROW,black,3,1
51,audi0,1.0,LEVRE,rose,,,rien,,,,,,,,vévi0s1,1.0,c,audi0vv,19.0,audi0,LEVRE,pink,LIPS,pink,WASHING,pink,3,1
52,audi0,1.0,MAGAZINE,coloré,,,rien,,,,,,,,vévi0s2,1.0,c,audi0vv,20.0,audi0,MAGAZINE,colored,MAGAZINES,colorful,MAGAZINE,colorful,2,2
53,visu3,1.0,ARC-EN-CIEL,poudreux,,,,,1.bmp,5.bmp,9.bmp,3.bmp,3.bmp,9.bmp,Filvi3i1,3.0,b,visu3ff,85.0,visu3f,ARC-EN-CIEL,powdery,RAINBOWS,powdery,RAINBOW,powdery,3,1
54,visu3,1.0,ATROCITÉ,laineuse,,,,,k.bmp,c.bmp,d.bmp,a.bmp,c.bmp,e.bmp,Filvi3i2,3.0,b,visu3ff,86.0,visu3f,ATROCITY,lazy,ATROCITIES,furry,ATROCITY,woolly,2,3
55,visu3,1.0,DÉMON,mansardé,,,,,k.bmp,a.bmp,8.bmp,l.bmp,3.bmp,9.bmp,Filau3i1,3.0,b,visu3ff,139.0,visu3f,DEMON,slaughtered,DEMONS,brought down,DEMON,attached,2,3
56,visu3,1.0,PROPRE,poussiéreux,,,,,8.bmp,l.bmp,2.bmp,9.bmp,7.bmp,2.bmp,Filau3i2,3.0,b,visu3ff,140.0,visu3f,CLEAN,dusty,,,CLEAN,dusty,2,2
57,visu3,1.0,IDÉE,célibataire,IDEA,unmarried,,,9.bmp,g.bmp,5.bmp,,,,FilFV3i1,3.0,c,visu3fv,152.0,visu3,IDEA,single,IDEAS,single,IDEA,single,2,1
58,audi0,2.0,ŒUF,ovale,,,rien,,,,,,,,vévi0s3,1.0,c,audi0vv,21.0,audi0,EGG,oval,EGGS,oval,EGG,oval,2,1
59,audi0,2.0,PAPILLON,multicolore,,,rien,,,,,,,,vévi0s4,1.0,c,audi0vv,22.0,audi0,BUTTERFLY,multicolored,BUTTERFLIES,colorful,BUTTERFLY,multicolored,2,2
60,audi0,3.0,PASTEQUE,arrondie,,,rien,,,,,,,,vévi0s5,1.0,c,audi0vv,23.0,audi0,PASTEQUE,rounded,PASTEQUE,round,PASTEQUE,rounded,1,2
61,audi0,3.0,DRAPEAU,rayé,,,rien,,,,,,,,vévi0s6,1.0,c,audi0vv,24.0,audi0,FLAG,striped,THE FLAG,crossed off,FLAG,scratched,2,3
62,audi0,2.0,FEU,tenu,,,rien,,,,,,,,FilFV0s4,3.0,c,audi0fv,158.0,audi0,,,FIRE,kept,FIRE,held,2,3
63,audi0,2.0,PLOMB,léger,,,rien,,,,,,,,Filau0s3,3.0,b,audi0ff,93.0,audi0f,LEAD,light,LEAD,light,LEAD,light,1,1
64,audi0,2.0,SOMMEIL,musclé,,,rien,,,,,,,,Filau0s4,3.0,b,audi0ff,94.0,audi0f,SLEEP,muscular,,,SLEEP,muscular,2,2
65,audi0,2.0,CONFITURE,croquante,,,rien,,,,,,,,Filvi0s3,3.0,b,audi0ff,111.0,audi0f,JAM,crunchy,JAM,crisp,JAM,crunchy,1,2
66,audi0,2.0,MALADIE,neigeuse,,,rien,,,,,,,,Filvi0s4,3.0,b,audi0ff,112.0,audi0f,DISEASE,snowy,,,DISEASE,snowy,2,2
67,audi0,2.0,ENFANT,embrassé,,,rien,,,,,,,,FilFV0s1,1.0,b,audi0vf,165.0,audi0f,CHILD,kissed,CHILDREN,kissed,CHILD,kissed,2,1
68,audi1,1.0,POTIRON,orangé,,,1.wav,,,,,,,,vévi1s1,1.0,c,audi1vv,25.0,audi1,POTIRON,orange,PUMPKINS,orange,PUMPKIN,orange,3,1
69,audi1,1.0,SANG,rouge,BLOOD,red,7.wav,,,,,,,,vévi1s2,1.0,c,audi1vv,26.0,audi1,BLOOD,red,BLOOD,red,BLOOD,red,1,1
70,audi1,2.0,SOLEIL,éblouissant,,,6.wav,,,,,,,,vévi1s3,1.0,c,audi1vv,27.0,audi1,SUN,dazzling,THE SUN,dazzling,SUN,dazzling,2,1
71,audi1,2.0,TANK,kaki,,,3.wav,,,,,,,,vévi1s4,1.0,c,audi1vv,28.0,audi1,TANK,kaki,TANKS,khaki,TANK,khaki,2,2
72,audi1,2.0,FRANCHISE,taiseuse,,,7.wav,2.wav,,,,,,,Filau1s3,3.0,b,audi1ff,99.0,audi1f,,,STRAIGHTNESS,silent,FRANCHISE,silent,3,2
73,audi1,2.0,MÉCHANCETÉ,frappée,,,8.wav,3.wav,,,,,,,Filau1s4,3.0,b,audi1ff,100.0,audi1f,MALICE,struck,EVIL,combated,WICKEDNESS,struck,3,2
74,audi1,2.0,SOUFFRANCE,plastifiée,,,2.wav,4.wav,,,,,,,Filvi1s3,3.0,b,audi1ff,117.0,audi1f,SUFFERING,laminated,PAIN,plasticized,SUFFERING,plasticized,2,2
75,audi1,2.0,AIR,frappé,,,3.wav,5.wav,,,,,,,Filvi1s4,3.0,b,audi1ff,118.0,audi1f,AIR,struck,AIR,hit,AIR,struck,1,2
76,audi1,2.0,FRANCHISE,taiseuse,,,8.wav,,,,,,,,FilFV1s2,3.0,c,audi1fv,160.0,audi1,,,STRAIGHTNESS,silent,FRANCHISE,silent,3,2
77,audi1,2.0,BLESSURE,inquietante,,,7.wav,3.wav,,,,,,,FilFV1s2,1.0,b,audi1vf,166.0,audi1f,WOUND,worried,INJURIES,worrying,INJURY,worrying,3,2
78,audi1,2.0,VICTIME,affligée,,,9.wav,2.wav,,,,,,,FilVF2s4,1.0,b,audi1vf,172.0,audi1f,,,,,VICTIM,afflicted,2,2
79,audi1,3.0,CHOUX-FLEUR,pâle,,,4.wav,,,,,,,,vévi1s5,1.0,c,audi1vv,29.0,audi1,CHOUX-FLEUR,pale,CAULIFLOWER,pale,CAULDER,pale,3,1
80,audi1,3.0,TIGRE,zébré,,,9.wav,,,,,,,,vévi1s6,1.0,c,audi1vv,30.0,audi1,TIGER,zebra,,,TIGER,zebra,2,2
81,audi3,1.0,VOILE,gonflée,,,35.wav,,,,,,,,vévi3s1,1.0,c,audi3vv,31.0,audi3,VEIL,inflated,,,SAIL,swollen,3,3
82,audi3,1.0,BOUGIE,lumineuse,,,36.wav,,,,,,,,vévi3s2,1.0,c,audi3vv,32.0,audi3,CANDLE,light,,,CANDLE,bright,2,3
83,audi3,2.0,JUPITER,visitée,,,32.wav,39.wav,,,,,,,Filau3s3,3.0,b,audi3ff,105.0,audi3f,JUPITER,visited,JUPITER,visited,JUPITER,visited,1,1
84,audi3,2.0,GRANITE,flexible,,,33.wav,36.wav,,,,,,,Filau3s4,3.0,b,audi3ff,106.0,audi3f,GRANITE,flexible,GRANITE,flexible,GRANITE,flexible,1,1
85,audi3,2.0,ROBE,métalique,,,38.wav,40.wav,,,,,,,Filvi3s3,3.0,b,audi3ff,123.0,audi3f,DRESS,metallic,CLOTHES,made of metal,DRESS,metallic,2,2
86,audi3,2.0,CRÉATION,perverse,,,39.wav,37.wav,,,,,,,Filvi3s4,3.0,b,audi3ff,124.0,audi3f,CREATION,perverse,CREATION,abnormal,CREATION,perverse,1,2
87,audi3,2.0,JUS,versé,,,38.wav,36.wav,,,,,,,FilVF2s3,1.0,b,audi3vf,171.0,audi3f,JUICE,paid,JUICE,poured out,JUICE,poured,1,3
88,audi3,2.0,NUAGE,blanc,CLOUD,white,37.wav,,,,,,,,vévi3s3,1.0,c,audi3vv,33.0,audi3,CLOUD,white,CLOUDS,white,CLOUD,white,2,1
89,audi3,2.0,MAGASINE,coloré,,,38.wav,,,,,,,,vévi3s4,1.0,c,audi3vv,34.0,audi3,SHOP,colored,MAGAZINES,in color,MAGAZINE,colorful,3,3
90,audi3,3.0,FEU,Fumant,,,39.wav,,,,,,,,vévi3s5,1.0,c,audi3vv,35.0,audi3,FIRE,smoked,,,FIRE,smoking,2,3
91,audi3,3.0,VERNIS,brillant,,,40.wav,,,,,,,,vévi3s6,1.0,c,audi3vv,36.0,audi3,VARNISH,glossy,,,VARNISH,shiny,2,3
92,visu0,2.0,BISCUIT,acide,,,,,rien,,,,,,Filvi0i3,3.0,b,visu0ff,75.0,visu0f,BISCUIT,acid,,,BISCUIT,acidic,2,3
93,visu0,2.0,LAITTUE,riante,,,,,rien,,,,,,Filvi0i4,3.0,b,visu0ff,76.0,visu0f,MILKY,laughing,,,LETTUCE,laughing,3,2
94,visu0,2.0,DIABLE,angélique,,,,,rien,,,,,,Filau0i3,3.0,b,visu0ff,129.0,visu0f,DEVIL,angelic,THE DEVIL,an angel,DEVIL,angelic,2,2
95,visu0,2.0,MÉTÉOR,décolant,,,,,rien,,,,,,Filau0i4,3.0,b,visu0ff,130.0,visu0f,WEATHER,depressed,,,MÉTÉOR,clearing,3,3
96,visu0,2.0,BONHEUR,tirebouchonné,,,,,rien,,,,,,FilFV0i3,3.0,c,visu0fv,147.0,visu0,HAPPINESS,snippled,HAPPINESS,corked,HAPPINESS,shot,1,3
97,visu0,2.0,MALADIE,neigeuse,,,,,rien,,,,,,FilFV0i4,3.0,c,visu0fv,148.0,visu0,DISEASE,snowy,,,DISEASE,snowy,2,2
98,visu0,2.0,DESSIN,esquissé,,,,,rien,,,,,,FilVF0i4,1.0,b,visu0vf,177.0,visu0f,DRAWING,sketched,DRAWING,sketched,DRAWING,sketched,1,1
99,visu0,2.0,MANCHE,agrippée,,,,,rien,,,,,,FilVF0i5,1.0,b,visu0vf,178.0,visu0f,HANDLE,grinded,THE HANDLE,grasped,HANDLE,grabbed,2,3
100,visu0,1.0,OISILLON,piaillant,,,,,rien,,,,,,véau0i1,1.0,c,visu0vv,37.0,visu0,OISILLON,stingy,,,HELL,stagger,3,3
101,visu0,1.0,ORAGE,tonnant,,,,,rien,,,,,,véau0i2,1.0,c,visu0vv,38.0,visu0,STORM,tone,A STORM,thunder,STORM,toning,2,3
102,visu0,2.0,PARQUET,craquant,,,,,rien,,,,,,véau0i3,1.0,c,visu0vv,39.0,visu0,PARQUET FLOORING,scary,PARQUET FLOORS,brittle,PARQUET,cute,3,3
103,visu0,2.0,PIGEON,roucoulant,,,,,rien,,,,,,véau0i4,1.0,c,visu0vv,40.0,visu0,PIGEON,rocky,,,PIGEON,coo,2,3
104,visu1,2.0,GLOIRE,pavée,,,,,5.bmp,,,8.bmp,,,Filvi1i3,3.0,b,visu1ff,81.0,visu1f,GLORY,paved,GLORY,paved,GLORY,paved,1,1
105,visu1,2.0,GUERRE,lignée,,,,,k.bmp,,,a.bmp,,,Filvi1i4,3.0,b,visu1ff,82.0,visu1f,WAR,lined,WAR,related by blood,WAR,lineage,1,3
106,visu1,2.0,MANDIANT,riche,,,,,6.bmp,,,4.bmp,,,Filau1i3,3.0,b,visu1ff,135.0,visu1f,MANDIANT,rich,,,MANDIANT,rich,2,2
107,visu1,2.0,TOMATE,beige,,,,,b.bmp,,,8.bmp,,,Filau1i4,3.0,b,visu1ff,136.0,visu1f,TOMATO,beige,TOMATOES,beige,TOMATO,beige,2,1
108,visu0,3.0,PRIERE,vocale,,,,,rien,,,,,,véau0i5,1.0,c,visu0vv,41.0,visu0,PRAYER,voice,PRAYER,vocal,PRAYER,vocal,1,2
109,visu0,3.0,VACHE,beuglante,,,,,rien,,,,,,véau0i6,1.0,c,visu0vv,42.0,visu0,COW,blurred,,,COW,begging,2,3
110,visu1,1.0,RADIO,écoutée,,,,,1.bmp,,,,,,véau1i1,1.0,c,visu1vv,43.0,visu1,RADIO,listened,,,RADIO,listened to,2,3
111,visu1,1.0,RIRE,éclatant,,,,,a.bmp,,,,,,véau1i2,1.0,c,visu1vv,44.0,visu1,LAUGHTER,bright,LAUGHTER,brilliant,LAUGH,bright,2,2
112,visu3,2.0,LAVE,froide,,,,,3.bmp,6.bmp,a.bmp,3.bmp,7.bmp,7.bmp,Filvi3i3,3.0,b,visu3ff,87.0,visu3f,WASH,cold,LAVA,cold,LAVA,cold,2,1
113,visu3,2.0,HAINE,chaleureuse,,,,,k.bmp,l.bmp,a.bmp,6.bmp,l.bmp,k.bmp,Filvi3i4,3.0,b,visu3ff,88.0,visu3f,HATE,warm,HATRED,warm,HATRED,warm,2,1
114,visu3,2.0,CAUCHEMAR,éspéré,,,,,c.bmp,h.bmp,10.bmp,c.bmp,d.bmp,7.bmp,Filau3i3,3.0,b,visu3ff,141.0,visu3f,NIGHTMARE,sparse,NIGHTMARES,avoided,NIGHTMARE,exhausted,2,3
115,visu3,2.0,ÉPINARDS,bu,,,,,g.bmp,e.bmp,c.bmp,a.bmp,e.bmp,a.bmp,Filau3i4,3.0,b,visu3ff,142.0,visu3f,SPINACH,drunk,,,SPINACH,drunk,2,2
116,visu3,2.0,PÉNURIE,manquante,,,,,3.bmp,5.bmp,6.bmp,,,,FilFV3i2,3.0,c,visu3fv,153.0,visu3,SHORTAGE,missing,,,SHORTAGE,missing,2,2
117,visu3,2.0,CRISE,riche,,,,,c.bmp,a.bmp,k.bmp,,,,FilFV3i3,3.0,c,visu3fv,154.0,visu3,CRISIS,rich,CRISIS,rich,CRISIS,rich,1,1
118,visu3,2.0,ACCIDENT,triste,,,,,g.bmp,8.bmp,b.bmp,c.bmp,4.bmp,1.bmp,FilVF3i1,1.0,b,visu3vf,183.0,visu3f,ACCIDENT,sad,ACCIDENTS,sad,ACCIDENT,sad,2,1
119,visu3,2.0,ARGENT,réjouissant,MONEY,fun,,,e.bmp,d.bmp,c.bmp,6.bmp,e.bmp,a.bmp,FilVF3i2,1.0,b,visu3vf,184.0,visu3f,MONEY,delightful,MONEY,happy,MONEY,delighted,1,3
120,visu1,2.0,RONFLEMENT,sonore,,,,,2.bmp,,,,,,véau1i3,1.0,c,visu1vv,45.0,visu1,SNORING,sound,,,SNORING,sound,2,2
121,visu1,2.0,SIFFLET,strident,,,,,b.bmp,,,,,,véau1i4,1.0,c,visu1vv,46.0,visu1,WHISTLE,strident,WHISTLES,harsh,WHISTLE,strident,2,2
122,visu1,3.0,TELEVISION,tonitruante,,,,,3.bmp,,,,,,véau1i5,1.0,c,visu1vv,47.0,visu1,TELEVISION,tonitruating,TELEVISION,thunderous,TELEVISION,thunderous,1,2
123,visu1,3.0,PLANCHER,craquant,FLOOR,creaky,,,d.bmp,,,,,,véau1i6,1.0,c,visu1vv,48.0,visu1,FLOOR,scary,,,FLOOR,cute,2,3
124,audi0,3.0,CRASSE,répugnante,,,rien,,,,,,,,FilVF2s2,1.0,b,audi0vf,170.0,audi0f,CRASSE,disgusting,DIRT,disgusting,DEADNESS,repugnant,3,2
125,audi0,3.0,HUILE,pilée,,,rien,,,,,,,,Filau0s5,3.0,b,audi0ff,95.0,audi0f,OIL,piled,OIL,mashed,OIL,crushed,1,3
126,audi0,3.0,DÉSORDRE,aligné,,,rien,,,,,,,,Filau0s6,3.0,b,audi0ff,96.0,audi0f,DISORDER,aligned,,,DISORDER,aligned,2,2
127,audi0,3.0,NONNE,mariée,,,rien,,,,,,,,Filvi0s5,3.0,b,audi0ff,113.0,audi0f,NUN,married,,,NUN,married,2,2
128,audi0,3.0,POIVRE,fade,,,rien,,,,,,,,Filvi0s6,3.0,b,audi0ff,114.0,audi0f,PEPPER,fade,PEPPER,bland,PEPPER,bland,1,2
129,audi0,3.0,CHAOS,détruit,,,rien,,,,,,,,FilFV0s1,3.0,c,audi0fv,155.0,audi0,CHAOS,destroyed,CHAOS,destroyed,CHAOS,destroyed,1,1
130,audi0,3.0,HUMOUR,blafard,,,rien,,,,,,,,FilFV0s2,3.0,c,audi0fv,156.0,audi0,HUMOUR,blafard,HUMOR,pale,HUMOR,pale,2,2
131,visu3,1.0,MICRO-ONDE,bipant,,,,,k.bmp,8.bmp,l.bmp,,,,véau3i1,1.0,c,visu3vv,49.0,visu3,MICRO-ONDE,bippy,,,MICROWAVE,biable,3,3
132,visu3,1.0,CLOCHE,résonnante,,,,,11.bmp,9.bmp,10.bmp,,,,véau3i2,1.0,c,visu3vv,50.0,visu3,BELL,resonant,,,BELL,resonant,2,2
133,visu3,2.0,GRINCEMENT,perçu,,,,,10.bmp,c.bmp,d.bmp,,,,véau3i3,1.0,c,visu3vv,51.0,visu3,CRUSH,perceived,,,GRINDING,perceived,3,2
134,visu3,2.0,TELEPHONE,Sonnant,,,,,l.bmp,a.bmp,e.bmp,,,,véau3i4,1.0,c,visu3vv,52.0,visu3,PHONE,sounding,,,PHONE,sounding,2,2
135,audi1,3.0,SUSPITION,en polyerster,,,9.wav,7.wav,,,,,,,Filau1s5,3.0,b,audi1ff,101.0,audi1f,SUSPITION,polyerster,,,SUSPICION,polyester,3,3
136,audi1,3.0,PIERRE,flottante,,,10.wav,4.wav,,,,,,,Filau1s6,3.0,b,audi1ff,102.0,audi1f,STONE,floating,,,STONE,floating,2,2
137,audi1,3.0,SÛRE,caramélisé,,,7.wav,5.wav,,,,,,,Filvi1s5,3.0,b,audi1ff,119.0,audi1f,SURE,caramelized,,,SURE,caramelized,2,2
138,audi1,3.0,CONFORT,glissant,,,11.wav,6.wav,,,,,,,Filvi1s6,3.0,b,audi1ff,120.0,audi1f,COMFORT,slippery,COMFORT,slippery,COMFORT,slippery,1,1
139,audi1,3.0,REGRET,liquide,,,9.wav,,,,,,,,FilFV1s3,3.0,c,audi1fv,161.0,audi1,,,REGRET,liquid,REGRET,liquid,2,2
140,audi1,3.0,SEAU,vidé,,,4.wav,10.wav,,,,,,,FilVF1s4,1.0,b,audi1vf,168.0,audi1f,BUCKET,drained,THE BUCKET,emptied,BUCKET,emptied,2,2
141,audi1,3.0,TONDEUSE,poussée,,,3.wav,5.wav,,,,,,,FilVF2s5,1.0,b,audi1vf,173.0,audi1f,THREAD,pushed,LAWN MOWER,pushed,MOWER,pushed,3,1
142,visu3,3.0,LION,entendu,,,,,11.bmp,1.bmp,5.bmp,,,,véau3i5,1.0,c,visu3vv,53.0,visu3,LION,heard,,,LION,heard,2,2
143,visu3,3.0,VOIX,grave,VOICE,deep,,,6.bmp,7.bmp,h.bmp,,,,véau3i6,1.0,c,visu3vv,54.0,visu3,,,,,VOICE,serious,2,2
144,audi0,1.0,AMBULANCE,assourdissante,,,rien,,,,,,,,véau0s1,1.0,c,audi0vv,55.0,audi0,AMBULANCE,smiling,AMBULANCES,deafening,AMBULANCE,deafening,2,2
145,audi0,1.0,MONNAIE,tintante,,,rien,,,,,,,,véau0s2,1.0,c,audi0vv,56.0,audi0,CURRENCY,tinting,,,CURRENCY,turned on,2,3
146,audi3,3.0,DIFFICULTÉ,apétissante,,,34.wav,40.wav,,,,,,,Filau3s5,3.0,b,audi3ff,107.0,audi3f,DIFFICULTY,perpetuating,DIFFICULTIES,pleasant,DIFFICULTY,aperitivor,2,3
147,audi3,3.0,BAGUE,infidèle,,,41.wav,37.wav,,,,,,,Filau3s6,3.0,b,audi3ff,108.0,audi3f,RING,infidel,,,RING,unfaithful,2,3
148,audi3,3.0,CENDRIER,allégé,,,40.wav,38.wav,,,,,,,Filvi3s5,3.0,b,audi3ff,125.0,audi3f,,,ASHTRAY,light,ASHTRAY,lightened,2,3
149,audi3,3.0,VÉRITÉ,rugueuse,,,36.wav,41.wav,,,,,,,Filvi3s6,3.0,b,audi3ff,126.0,audi3f,TRUTH,rough,TRUTH,rough,TRUTH,rough,1,1
150,audi3,3.0,PEINE,cartonnée,,,32.wav,,,,,,,,FilFV3s1,3.0,c,audi3fv,162.0,audi3,PAIN,carded,PUNISHMENT,cardboard,PAIN,cardboard,2,2
151,audi3,3.0,SERPENT,dangereux,,,38.wav,37.wav,,,,,,,FilVF2s6,1.0,b,audi3vf,174.0,audi3f,SNAKE,dangerous,SNAKES,dangerous,SNAKE,dangerous,2,1
152,audi0,2.0,BEBE,gazouillant,,,rien,,,,,,,,véau0s3,1.0,c,audi0vv,57.0,audi0,BEARD,gaspy,,,BABY,toring,3,3
153,audi0,2.0,CANARD,cancannant,,,rien,,,,,,,,véau0s4,1.0,c,audi0vv,58.0,audi0,DUCK,duck,,,DUCK,a cancan,2,3
154,audi0,3.0,CHANSON,fredonnée,,,rien,,,,,,,,véau0s5,1.0,c,audi0vv,59.0,audi0,SONG,fredonnée,SONGS,hummed,SONG,feared,2,3
155,audi0,3.0,CHAT,ronronnant,,,rien,,,,,,,,véau0s6,1.0,c,audi0vv,60.0,audi0,CAT,snoring,,,CAT,purring,2,3
156,visu0,3.0,ART,poivré,,,,,rien,,,,,,Filvi0i5,3.0,b,visu0ff,77.0,visu0f,ART,peppered,ART,pepper,ART,peppery,1,3
157,visu0,3.0,BIÈRE,vinifiée,,,,,rien,,,,,,Filvi0i6,3.0,b,visu0ff,78.0,visu0f,BEER,vinified,BEER,brewed,BEER,vinified,1,2
158,visu0,3.0,CACTUS,caressé,,,,,rien,,,,,,Filau0i5,3.0,b,visu0ff,131.0,visu0f,CACTUS,caressed,CACTUS,stroked,CACTUS,caressed,1,2
159,visu0,3.0,DOULEUR,fibreuse,,,,,rien,,,,,,Filau0i6,3.0,b,visu0ff,132.0,visu0f,PAIN,fibrous,,,PAIN,fibrous,2,2
160,audi1,1.0,CHEVAL,hennissant,,,6.wav,,,,,,,,véau1s1,1.0,c,audi1vv,61.0,audi1,HORSE,henn,,,HORSE,hennating,2,3
161,audi1,1.0,CLOCHE,carillonnante,,,7.wav,,,,,,,,véau1s2,1.0,c,audi1vv,62.0,audi1,BELL,carillonnant,,,BELL,carilloning,2,3
162,audi1,2.0,COCHON,grognant,,,8.wav,,,,,,,,véau1s3,1.0,c,audi1vv,63.0,audi1,PIG,grumpy,,,PIG,growl,2,3
163,audi1,2.0,CRI,perçant,,,9.wav,,,,,,,,véau1s4,1.0,c,audi1vv,64.0,audi1,CREE,piercing,SCREAMING,harsh,CRY,piercing,3,2
164,visu1,3.0,HOPITAL ,malade,,,,,10.bmp,,,7.bmp,,,Filvi1i5,3.0,b,visu1ff,83.0,visu1f,HOSPITAL,sick,,,HOSPITAL,sick,2,2
165,visu1,3.0,LINOLÉUM ,en cuir,,,,,f.bmp,,,c.bmp,,,Filvi1i6,3.0,b,visu1ff,84.0,visu1f,LINOLEUM,leather,LINOLEUM,leather,LINOLEUM,leather,1,1
166,visu1,3.0,GÂTEAU,bedonnant,,,,,3.bmp,,,h.bmp,,,Filau1i5,3.0,b,visu1ff,137.0,visu1f,CAKE,dizzy,CAKE,paunchy,CAKE,beddling,1,3
167,visu1,3.0,BAR,grillé,,,,,4.bmp,,,l.bmp,,,Filau1i6,3.0,b,visu1ff,138.0,visu1f,BAR,grilled,THE BAR,baked,BAR,grilled,2,2
168,visu1,3.0,CHAUSSETTE,délassée,,,,,11.bmp,,,,,,FilFV1i1,3.0,c,visu1fv,149.0,visu1,SOCK,delased,,,SOCK,fallen,2,3
169,visu1,3.0,ESPRIT,spongieux,,,,,k.bmp,,,,,,FilFV1i2,3.0,c,visu1fv,150.0,visu1,MIND,spongy,,,SPIRIT,spongy,3,2
170,visu1,3.0,FRISBEE,jeté,,,,,7.bmp,,,1.bmp,,,FilVF1i1,1.0,b,visu1vf,179.0,visu1f,FRISBEE,thrown,FRISBEE,thrown,FRISBEE,thrown away,1,2
171,visu1,3.0,TRUITE,attrapée,,,,,k.bmp,,,a.bmp,,,FilVF1i2,1.0,b,visu1vf,180.0,visu1f,TRUITE,caught,TROUT,caught,TROUT,caught,2,1
172,audi1,3.0,ELEPHANT,barissant,,,10.wav,,,,,,,,véau1s5,1.0,c,audi1vv,65.0,audi1,ELEPHANT,barking,,,ELEPHANT,barring,2,3
173,audi1,3.0,FEU,crépitant,,,5.wav,,,,,,,,véau1s6,1.0,c,audi1vv,66.0,audi1,FIRE,creaming,,,FIRE,crackling,2,3
174,audi3,1.0,HIBOU,ululant,,,40.wav,,,,,,,,véau3s1,1.0,c,audi3vv,67.0,audi3,OWL,ululant,,,OWL,ululant,2,2
175,audi3,1.0,MIXEUR,bruyant,,,38.wav,,,,,,,,véau3s2,1.0,c,audi3vv,68.0,audi3,MIXER,noisy,,,MIXER,noisy,2,2
176,visu3,3.0,MORT,mince,,,,,7.bmp,2.bmp,11.bmp,7.bmp,6.bmp,4.bmp,Filvi3i5,3.0,b,visu3ff,89.0,visu3f,DEATH,thin,,,DEATH,slim,2,3
177,visu3,3.0,RABIN,catholique,,,,,3.bmp,11.bmp,9.bmp,6.bmp,11.bmp,9.bmp,Filvi3i6,3.0,b,visu3ff,90.0,visu3f,RABIN,Catholic,,,RABIN,Catholic,2,2
178,visu3,3.0,ERREUR,pilotée,,,,,5.bmp,5.bmp,11.bmp,9.bmp,5.bmp,2.bmp,Filau3i5,3.0,b,visu3ff,143.0,visu3f,ERROR,controlled,,,ERROR,controlled,2,2
179,visu3,3.0,ÉTERNITÉ,vue,,,,,h.bmp,c.bmp,f.bmp,h.bmp,g.bmp,k.bmp,Filau3i6,3.0,b,visu3ff,144.0,visu3f,ETERNITY,seen,ETERNITY,seen,ETERNITY,seen,1,1
180,audi3,2.0,MOTO,pétaradante,,,36.wav,,,,,,,,véau3s3,1.0,c,audi3vv,69.0,audi3,MOTORBIKE,pearing,,,MOTORCYCLE,a stroke,3,3
181,audi3,2.0,MOUTON,bêlant,,,33.wav,,,,,,,,véau3s4,1.0,c,audi3vv,70.0,audi3,SHEEP,bleeding,,,MOUTON,hot,3,3
182,audi3,3.0,MURMURE,audible,,,34.wav,,,,,,,,véau3s5,1.0,c,audi3vv,71.0,audi3,WALL,audible,WHISPERS,heard,WHISPER,audible,3,2
183,audi3,3.0,FANFARE,claironnante,,,37.wav,,,,,,,,véau3s6,1.0,c,audi3vv,72.0,audi3,FANFARE,clearing,,,FANFARE,trusted,2,3
