,code1,code2,Block,code1_item_type,code1_pv_modality,code1_n_wm_stimuli,code1_?,code1_index,code2_wm_modality,code2_n_wm_stimuli,code2_wm_tf,code2_pv_tf,PV TF,PV TF Agree,concept_fr,propriétés_fr,concept,property,Duplicate,son,sonb,image1,image2,image3,1b,2b,3b,brepcon,brepload,item_id,vi&0,vi&1,vi&3,au&0,au&1,au&3,au same,au F,au F check,vi 1 same
visu0,vévi0i1,visu0vv,1,Critical,vi,0,i,1,visu,0,T,T,T,TRUE,CITRON,jaune,LEMON,yellow,,,,rien,,,rien,,,1,c,1,TRUE,TRUE,TRUE,TRUE,TRUE,TRUE,TRUE,TRUE,TRUE,TRUE
visu0,vévi0i2,visu0vv,1,Critical,vi,0,i,2,visu,0,T,T,T,TRUE,ANGE,ailé,ANGEL,winged,,,,rien,,,rien,,,1,c,2,TRUE,TRUE,TRUE,TRUE,TRUE,TRUE,TRUE,TRUE,TRUE,TRUE
visu0,vévi0i3,visu0vv,2,Critical,vi,0,i,3,visu,0,T,T,T,TRUE,BAGUE,dorée,RING,golden,,,,rien,,,rien,,,1,c,3,TRUE,TRUE,TRUE,TRUE,TRUE,TRUE,TRUE,TRUE,TRUE,TRUE
visu0,vévi0i4,visu0vv,2,Critical,vi,0,i,4,visu,0,T,T,T,TRUE,BANANE,courbée,BANANA,curved,,,,rien,,,rien,,,1,c,4,TRUE,TRUE,TRUE,TRUE,TRUE,TRUE,TRUE,TRUE,TRUE,TRUE
visu0,vévi0i5,visu0vv,3,Critical,vi,0,i,5,visu,0,T,T,T,TRUE,BANDAGE,blanc,GAUZE,white,,,,rien,,,rien,,,1,c,5,TRUE,TRUE,TRUE,TRUE,TRUE,TRUE,TRUE,TRUE,TRUE,TRUE
visu0,vévi0i6,visu0vv,3,Critical,vi,0,i,6,visu,0,T,T,T,TRUE,CIGARE,brun,CIGAR,brown,,,,rien,,,rien,,,1,c,6,TRUE,TRUE,TRUE,TRUE,TRUE,TRUE,TRUE,TRUE,TRUE,TRUE
visu1,vévi1i1,visu1vv,1,Critical,vi,1,i,1,visu,1,T,T,T,TRUE,BIJOU,doré,JEWELRY,golden,,,,5.bmp,,,5.bmp,,,1,c,7,TRUE,TRUE,TRUE,TRUE,TRUE,TRUE,TRUE,TRUE,TRUE,TRUE
visu1,vévi1i2,visu1vv,1,Critical,vi,1,i,2,visu,1,T,T,T,TRUE,BOOMERANG,coudé,BOOMERANG,angled,,,,e.bmp,,,e.bmp,,,1,c,8,TRUE,TRUE,TRUE,TRUE,TRUE,TRUE,TRUE,TRUE,TRUE,TRUE
visu1,vévi1i3,visu1vv,2,Critical,vi,1,i,3,visu,1,T,T,T,TRUE,BRIQUE,rectangulaire,BRICK,rectangular,,,,6.bmp,,,6.bmp,,,1,c,9,TRUE,TRUE,TRUE,TRUE,TRUE,TRUE,TRUE,TRUE,TRUE,TRUE
visu1,vévi1i4,visu1vv,2,Critical,vi,1,i,4,visu,1,T,T,T,TRUE,CAVE,sombre,CELLAR,dark,,,,f.bmp,,,f.bmp,,,1,c,10,TRUE,TRUE,TRUE,TRUE,TRUE,TRUE,TRUE,TRUE,TRUE,TRUE
visu1,vévi1i5,visu1vv,3,Critical,vi,1,i,5,visu,1,T,T,T,TRUE,CIEL,bleu,SKY,blue,,,,7.bmp,,,7.bmp,,,1,c,11,TRUE,TRUE,TRUE,TRUE,TRUE,TRUE,TRUE,TRUE,TRUE,TRUE
visu1,vévi1i6,visu1vv,3,Critical,vi,1,i,6,visu,1,T,T,T,TRUE,CIMENT,gris,CEMENT,gray,,,,8.bmp,,,8.bmp,,,1,c,12,TRUE,TRUE,TRUE,TRUE,TRUE,TRUE,TRUE,TRUE,TRUE,TRUE
visu3,vévi3i1,visu3vv,1,Critical,vi,3,i,1,visu,3,T,T,T,TRUE,COCCINELLE,tachetée,LADYBUG,spotted,,,,1.bmp,3.bmp,9.bmp,1.bmp,3.bmp,9.bmp,1,c,13,TRUE,TRUE,TRUE,TRUE,TRUE,TRUE,TRUE,TRUE,TRUE,TRUE
visu3,vévi3i2,visu3vv,1,Critical,vi,3,i,2,visu,3,T,T,T,TRUE,ECUREUIL,roux,SQUIRREL,gray,,,,a.bmp,g.bmp,e.bmp,a.bmp,g.bmp,e.bmp,1,c,14,TRUE,TRUE,TRUE,TRUE,TRUE,TRUE,TRUE,TRUE,TRUE,TRUE
visu3,vévi3i3,visu3vv,2,Critical,vi,3,i,3,visu,3,T,T,T,TRUE,FILM,regardé,FILM,watched,,,,3.bmp,7.bmp,10.bmp,3.bmp,7.bmp,10.bmp,1,c,15,TRUE,TRUE,TRUE,TRUE,TRUE,TRUE,TRUE,TRUE,TRUE,TRUE
visu3,vévi3i4,visu3vv,2,Critical,vi,3,i,4,visu,3,T,T,T,TRUE,FORET,ombragée,FOREST,shady,,,,k.bmp,l.bmp,a.bmp,k.bmp,l.bmp,a.bmp,1,c,16,TRUE,TRUE,TRUE,TRUE,TRUE,TRUE,TRUE,TRUE,TRUE,TRUE
visu3,vévi3i5,visu3vv,3,Critical,vi,3,i,5,visu,3,T,T,T,TRUE,JOYAU,brillant,JEWEL,brilliant,,,,10.bmp,2.bmp,6.bmp,10.bmp,2.bmp,6.bmp,1,c,17,TRUE,TRUE,TRUE,TRUE,TRUE,TRUE,TRUE,TRUE,TRUE,TRUE
visu3,vévi3i6,visu3vv,3,Critical,vi,3,i,6,visu,3,T,T,T,TRUE,CORBEAU,noir,RAVEN,black,,,,2.bmp,6.bmp,f.bmp,2.bmp,6.bmp,f.bmp,1,c,18,TRUE,TRUE,TRUE,TRUE,TRUE,TRUE,TRUE,TRUE,TRUE,TRUE
audi0,vévi0s1,audi0vv,1,Critical,vi,0,s,1,audi,0,T,T,T,TRUE,LEVRE,rose,LIP,pink,,rien,rien,,,,,,,1,c,19,TRUE,TRUE,TRUE,TRUE,TRUE,TRUE,TRUE,TRUE,TRUE,TRUE
audi0,vévi0s2,audi0vv,1,Critical,vi,0,s,2,audi,0,T,T,T,TRUE,MAGAZINE,coloré,MAGAZINE,colorful,2_A,rien,rien,,,,,,,1,c,20,TRUE,TRUE,TRUE,TRUE,TRUE,TRUE,TRUE,TRUE,TRUE,TRUE
audi0,vévi0s3,audi0vv,2,Critical,vi,0,s,3,audi,0,T,T,T,TRUE,ŒUF,ovale,EGG,oval,,rien,rien,,,,,,,1,c,21,TRUE,TRUE,TRUE,TRUE,TRUE,TRUE,TRUE,TRUE,TRUE,TRUE
audi0,vévi0s4,audi0vv,2,Critical,vi,0,s,4,audi,0,T,T,t,TRUE,PAPILLON,multicolore,BUTTERFLY,multicolored,,rien,rien,,,,,,,1,c,22,TRUE,TRUE,TRUE,TRUE,TRUE,TRUE,TRUE,TRUE,TRUE,TRUE
audi0,vévi0s5,audi0vv,3,Critical,vi,0,s,5,audi,0,T,T,T,TRUE,PASTEQUE,arrondie,WATERMELON,round,,rien,rien,,,,,,,1,c,23,TRUE,TRUE,TRUE,TRUE,TRUE,TRUE,TRUE,TRUE,TRUE,TRUE
audi0,vévi0s6,audi0vv,3,Critical,vi,0,s,6,audi,0,T,T,T,TRUE,DRAPEAU,rayé,FLAG,striped,,rien,rien,,,,,,,1,c,24,TRUE,TRUE,TRUE,TRUE,TRUE,TRUE,TRUE,TRUE,TRUE,TRUE
audi1,vévi1s1,audi1vv,1,Critical,vi,1,s,1,audi,1,T,T,T,TRUE,POTIRON,orangé,PUMPKIN,orange,,1.wav,1.wav,,,,,,,1,c,25,TRUE,TRUE,TRUE,TRUE,TRUE,TRUE,TRUE,TRUE,TRUE,TRUE
audi1,vévi1s2,audi1vv,1,Critical,vi,1,s,2,audi,1,T,T,T,TRUE,SANG,rouge,BLOOD,red,,7.wav,7.wav,,,,,,,1,c,26,TRUE,TRUE,TRUE,TRUE,TRUE,TRUE,TRUE,TRUE,TRUE,TRUE
audi1,vévi1s3,audi1vv,2,Critical,vi,1,s,3,audi,1,T,T,T,TRUE,SOLEIL,éblouissant,SUN,blinding,,6.wav,6.wav,,,,,,,1,c,27,TRUE,TRUE,TRUE,TRUE,TRUE,TRUE,TRUE,TRUE,TRUE,TRUE
audi1,vévi1s4,audi1vv,2,Critical,vi,1,s,4,audi,1,T,T,T,TRUE,TANK,kaki,TANK,camouflaged,,3.wav,3.wav,,,,,,,1,c,28,TRUE,TRUE,TRUE,TRUE,TRUE,TRUE,TRUE,TRUE,TRUE,TRUE
audi1,vévi1s5,audi1vv,3,Critical,vi,1,s,5,audi,1,T,T,T,TRUE,CHOUX-FLEUR,pâle,CAULIFLOWER,pale,,4.wav,4.wav,,,,,,,1,c,29,TRUE,TRUE,TRUE,TRUE,TRUE,TRUE,TRUE,TRUE,TRUE,TRUE
audi1,vévi1s6,audi1vv,3,Critical,vi,1,s,6,audi,1,T,T,T,TRUE,TIGRE,zébré,TIGER,striped,,9.wav,9.wav,,,,,,,1,c,30,TRUE,TRUE,TRUE,TRUE,TRUE,TRUE,TRUE,TRUE,TRUE,TRUE
audi3,vévi3s1,audi3vv,1,Critical,vi,3,s,1,audi,3,T,T,T,TRUE,VOILE,gonflée,SAIL,blown,,35.wav,35.wav,,,,,,,1,c,31,TRUE,TRUE,TRUE,TRUE,TRUE,TRUE,TRUE,TRUE,TRUE,TRUE
audi3,vévi3s2,audi3vv,1,Critical,vi,3,s,2,audi,3,T,T,T,TRUE,BOUGIE,lumineuse,CANDLE,bright,,36.wav,36.wav,,,,,,,1,c,32,TRUE,TRUE,TRUE,TRUE,TRUE,TRUE,TRUE,TRUE,TRUE,TRUE
audi3,vévi3s3,audi3vv,2,Critical,vi,3,s,3,audi,3,T,T,T,TRUE,NUAGE,blanc,CLOUD,white,,37.wav,37.wav,,,,,,,1,c,33,TRUE,TRUE,TRUE,TRUE,TRUE,TRUE,TRUE,TRUE,TRUE,TRUE
audi3,vévi3s4,audi3vv,2,Critical,vi,3,s,4,audi,3,T,T,T,TRUE,MAGASINE,coloré,MAGAZINE,colorful,2_B,38.wav,38.wav,,,,,,,1,c,34,TRUE,TRUE,TRUE,TRUE,TRUE,TRUE,TRUE,TRUE,TRUE,TRUE
audi3,vévi3s5,audi3vv,3,Critical,vi,3,s,5,audi,3,T,T,T,TRUE,FEU,Fumant,FIRE,smoking,,39.wav,39.wav,,,,,,,1,c,35,TRUE,TRUE,TRUE,TRUE,TRUE,TRUE,TRUE,TRUE,TRUE,TRUE
audi3,vévi3s6,audi3vv,3,Critical,vi,3,s,6,audi,3,T,T,T,TRUE,VERNIS,brillant,VARNISH,shiny,,40.wav,40.wav,,,,,,,1,c,36,TRUE,TRUE,TRUE,TRUE,TRUE,TRUE,TRUE,TRUE,TRUE,TRUE
visu0,véau0i1,visu0vv,1,Critical,au,0,i,1,visu,0,T,T,T,TRUE,OISILLON,piaillant,CHICK,chirping,,,,rien,,,rien,,,1,c,37,TRUE,TRUE,TRUE,TRUE,TRUE,TRUE,TRUE,TRUE,TRUE,TRUE
visu0,véau0i2,visu0vv,1,Critical,au,0,i,2,visu,0,T,T,T,TRUE,ORAGE,tonnant,STORM,thunderous,,,,rien,,,rien,,,1,c,38,TRUE,TRUE,TRUE,TRUE,TRUE,TRUE,TRUE,TRUE,TRUE,TRUE
visu0,véau0i3,visu0vv,2,Critical,au,0,i,3,visu,0,T,T,T,TRUE,PARQUET,craquant,FLOORBOARD,creaky,4_A,,,rien,,,rien,,,1,c,39,TRUE,TRUE,TRUE,TRUE,TRUE,TRUE,TRUE,TRUE,TRUE,TRUE
visu0,véau0i4,visu0vv,2,Critical,au,0,i,4,visu,0,T,T,T,TRUE,PIGEON,roucoulant,PIGEON,cooing,,,,rien,,,rien,,,1,c,40,TRUE,TRUE,TRUE,TRUE,TRUE,TRUE,TRUE,TRUE,TRUE,TRUE
visu0,véau0i5,visu0vv,3,Critical,au,0,i,5,visu,0,T,T,T,TRUE,PRIERE,vocale,PRAYER,spoken,,,,rien,,,rien,,,1,c,41,TRUE,TRUE,TRUE,TRUE,TRUE,TRUE,TRUE,TRUE,TRUE,TRUE
visu0,véau0i6,visu0vv,3,Critical,au,0,i,6,visu,0,T,T,T,TRUE,VACHE,beuglante,COW,mooing,,,,rien,,,rien,,,1,c,42,TRUE,TRUE,TRUE,TRUE,TRUE,TRUE,TRUE,TRUE,TRUE,TRUE
visu1,véau1i1,visu1vv,1,Critical,au,1,i,1,visu,1,T,T,T,TRUE,RADIO,écoutée,RADIO,heard,,,,1.bmp,,,1.bmp,,,1,c,43,TRUE,TRUE,TRUE,TRUE,TRUE,TRUE,TRUE,TRUE,TRUE,TRUE
visu1,véau1i2,visu1vv,1,Critical,au,1,i,2,visu,1,T,T,T,TRUE,RIRE,éclatant,LAUGHTER,booming,,,,a.bmp,,,a.bmp,,,1,c,44,TRUE,TRUE,TRUE,TRUE,TRUE,TRUE,TRUE,TRUE,TRUE,TRUE
visu1,véau1i3,visu1vv,2,Critical,au,1,i,3,visu,1,T,T,T,TRUE,RONFLEMENT,sonore,SNORING,loud,,,,2.bmp,,,2.bmp,,,1,c,45,TRUE,TRUE,TRUE,TRUE,TRUE,TRUE,TRUE,TRUE,TRUE,TRUE
visu1,véau1i4,visu1vv,2,Critical,au,1,i,4,visu,1,T,T,T,TRUE,SIFFLET,strident,WHISTLE,shrill,,,,b.bmp,,,b.bmp,,,1,c,46,TRUE,TRUE,TRUE,TRUE,TRUE,TRUE,TRUE,TRUE,TRUE,TRUE
visu1,véau1i5,visu1vv,3,Critical,au,1,i,5,visu,1,T,T,T,TRUE,TELEVISION,tonitruante,TELEVISION,thunderous,,,,3.bmp,,,3.bmp,,,1,c,47,TRUE,TRUE,TRUE,TRUE,TRUE,TRUE,TRUE,TRUE,TRUE,TRUE
visu1,véau1i6,visu1vv,3,Critical,au,1,i,6,visu,1,T,T,T,TRUE,PLANCHER,craquant,FLOOR,creaky,4_B,,,d.bmp,,,d.bmp,,,1,c,48,TRUE,TRUE,TRUE,TRUE,TRUE,TRUE,TRUE,TRUE,TRUE,TRUE
visu3,véau3i1,visu3vv,1,Critical,au,3,i,1,visu,3,T,T,T,TRUE,MICRO-ONDE,bipant,MICROWAVE,beeping,,,,k.bmp,8.bmp,l.bmp,k.bmp,8.bmp,l.bmp,1,c,49,TRUE,TRUE,TRUE,TRUE,TRUE,TRUE,TRUE,TRUE,TRUE,TRUE
visu3,véau3i2,visu3vv,1,Critical,au,3,i,2,visu,3,T,T,T,TRUE,CLOCHE,résonnante,BELL,ringing,,,,11.bmp,9.bmp,10.bmp,11.bmp,9.bmp,10.bmp,1,c,50,TRUE,TRUE,TRUE,TRUE,TRUE,TRUE,TRUE,TRUE,TRUE,TRUE
visu3,véau3i3,visu3vv,2,Critical,au,3,i,3,visu,3,T,T,T,TRUE,GRINCEMENT,perçu,CREAK,audible,,,,10.bmp,c.bmp,d.bmp,10.bmp,c.bmp,d.bmp,1,c,51,TRUE,TRUE,TRUE,TRUE,TRUE,TRUE,TRUE,TRUE,TRUE,TRUE
visu3,véau3i4,visu3vv,2,Critical,au,3,i,4,visu,3,T,T,T,TRUE,TELEPHONE,Sonnant,PHONE,ringing,,,,l.bmp,a.bmp,e.bmp,l.bmp,a.bmp,e.bmp,1,c,52,TRUE,TRUE,TRUE,TRUE,TRUE,TRUE,TRUE,TRUE,TRUE,TRUE
visu3,véau3i5,visu3vv,3,Critical,au,3,i,5,visu,3,T,T,T,TRUE,LION,entendu,LION,heard,,,,11.bmp,1.bmp,5.bmp,11.bmp,1.bmp,5.bmp,1,c,53,TRUE,TRUE,TRUE,TRUE,TRUE,TRUE,TRUE,TRUE,TRUE,TRUE
visu3,véau3i6,visu3vv,3,Critical,au,3,i,6,visu,3,T,T,T,TRUE,VOIX,grave,VOICE,deep,,,,6.bmp,7.bmp,h.bmp,6.bmp,7.bmp,h.bmp,1,c,54,TRUE,TRUE,TRUE,TRUE,TRUE,TRUE,TRUE,TRUE,TRUE,TRUE
audi0,véau0s1,audi0vv,1,Critical,au,0,s,1,audi,0,T,T,T,TRUE,AMBULANCE,assourdissante,AMBULANCE,deafening,,rien,rien,,,,,,,1,c,55,TRUE,TRUE,TRUE,TRUE,TRUE,TRUE,TRUE,TRUE,TRUE,TRUE
audi0,véau0s2,audi0vv,1,Critical,au,0,s,2,audi,0,T,T,T,TRUE,MONNAIE,tintante,CHANGE,jingling,,rien,rien,,,,,,,1,c,56,TRUE,TRUE,TRUE,TRUE,TRUE,TRUE,TRUE,TRUE,TRUE,TRUE
audi0,véau0s3,audi0vv,2,Critical,au,0,s,3,audi,0,T,T,T,TRUE,BEBE,gazouillant,BABY,babbling,,rien,rien,,,,,,,1,c,57,TRUE,TRUE,TRUE,TRUE,TRUE,TRUE,TRUE,TRUE,TRUE,TRUE
audi0,véau0s4,audi0vv,2,Critical,au,0,s,4,audi,0,T,T,T,TRUE,CANARD,cancannant,DUCK,quacking,,rien,rien,,,,,,,1,c,58,TRUE,TRUE,TRUE,TRUE,TRUE,TRUE,TRUE,TRUE,TRUE,TRUE
audi0,véau0s5,audi0vv,3,Critical,au,0,s,5,audi,0,T,T,T,TRUE,CHANSON,fredonnée,SONG,hummed,,rien,rien,,,,,,,1,c,59,TRUE,TRUE,TRUE,TRUE,TRUE,TRUE,TRUE,TRUE,TRUE,TRUE
audi0,véau0s6,audi0vv,3,Critical,au,0,s,6,audi,0,T,T,T,TRUE,CHAT,ronronnant,CAT,purring,,rien,rien,,,,,,,1,c,60,TRUE,TRUE,TRUE,TRUE,TRUE,TRUE,TRUE,TRUE,TRUE,TRUE
audi1,véau1s1,audi1vv,1,Critical,au,1,s,1,audi,1,T,T,T,TRUE,CHEVAL,hennissant,HORSE,neighing,,6.wav,6.wav,,,,,,,1,c,61,TRUE,TRUE,TRUE,TRUE,TRUE,TRUE,TRUE,TRUE,TRUE,TRUE
audi1,véau1s2,audi1vv,1,Critical,au,1,s,2,audi,1,T,T,T,TRUE,CLOCHE,carillonnante,BELL,chiming,,7.wav,7.wav,,,,,,,1,c,62,TRUE,TRUE,TRUE,TRUE,TRUE,TRUE,TRUE,TRUE,TRUE,TRUE
audi1,véau1s3,audi1vv,2,Critical,au,1,s,3,audi,1,T,T,T,TRUE,COCHON,grognant,PIG,grunting,,8.wav,8.wav,,,,,,,1,c,63,TRUE,TRUE,TRUE,TRUE,TRUE,TRUE,TRUE,TRUE,TRUE,TRUE
audi1,véau1s4,audi1vv,2,Critical,au,1,s,4,audi,1,T,T,T,TRUE,CRI,perçant,CRY,piercing,,9.wav,9.wav,,,,,,,1,c,64,TRUE,TRUE,TRUE,TRUE,TRUE,TRUE,TRUE,TRUE,TRUE,TRUE
audi1,véau1s5,audi1vv,3,Critical,au,1,s,5,audi,1,T,T,T,TRUE,ELEPHANT,barissant,ELEPHANT,trumpeting,,10.wav,10.wav,,,,,,,1,c,65,TRUE,TRUE,TRUE,TRUE,TRUE,TRUE,TRUE,TRUE,TRUE,TRUE
audi1,véau1s6,audi1vv,3,Critical,au,1,s,6,audi,1,T,T,T,TRUE,FEU,crépitant,FIRE,crackling,,5.wav,5.wav,,,,,,,1,c,66,TRUE,TRUE,TRUE,TRUE,TRUE,TRUE,TRUE,TRUE,TRUE,TRUE
audi3,véau3s1,audi3vv,1,Critical,au,3,s,1,audi,3,T,T,T,TRUE,HIBOU,ululant,OWL,hooting,,40.wav,40.wav,,,,,,,1,c,67,TRUE,TRUE,TRUE,TRUE,TRUE,TRUE,TRUE,TRUE,TRUE,TRUE
audi3,véau3s2,audi3vv,1,Critical,au,3,s,2,audi,3,T,T,T,TRUE,MIXEUR,bruyant,BLENDER,noisy,,38.wav,38.wav,,,,,,,1,c,68,TRUE,TRUE,TRUE,TRUE,TRUE,TRUE,TRUE,TRUE,TRUE,TRUE
audi3,véau3s3,audi3vv,2,Critical,au,3,s,3,audi,3,T,T,T,TRUE,MOTO,pétaradante,MOTORBIKE,backfiring,,36.wav,36.wav,,,,,,,1,c,69,TRUE,TRUE,TRUE,TRUE,TRUE,TRUE,TRUE,TRUE,TRUE,TRUE
audi3,véau3s4,audi3vv,2,Critical,au,3,s,4,audi,3,T,T,T,TRUE,MOUTON,bêlant,SHEEP,bleating,,33.wav,33.wav,,,,,,,1,c,70,TRUE,TRUE,TRUE,TRUE,TRUE,TRUE,TRUE,TRUE,TRUE,TRUE
audi3,véau3s5,audi3vv,3,Critical,au,3,s,5,audi,3,T,T,T,TRUE,MURMURE,audible,WHISPER,audible,,34.wav,34.wav,,,,,,,1,c,71,TRUE,TRUE,TRUE,TRUE,TRUE,TRUE,TRUE,TRUE,TRUE,TRUE
audi3,véau3s6,audi3vv,3,Critical,au,3,s,6,audi,3,T,T,T,TRUE,FANFARE,claironnante,FANFARE,trumpeting,,37.wav,37.wav,,,,,,,1,c,72,TRUE,TRUE,TRUE,TRUE,TRUE,TRUE,TRUE,TRUE,TRUE,TRUE
visu0,Filvi0i1,visu0ff,1,Filler,vi,0,i,1,visu,0,F,F,F,TRUE,RACISME,noir,RACISM,green,,,,rien,,,rien,,,3,b,73,TRUE,TRUE,TRUE,TRUE,TRUE,TRUE,TRUE,TRUE,TRUE,TRUE
visu0,Filvi0i2,visu0ff,1,Filler,vi,0,i,2,visu,0,F,F,F,TRUE,PLAISIR,osseux,PLEASURE,bony,,,,rien,,,rien,,,3,b,74,TRUE,TRUE,TRUE,TRUE,TRUE,TRUE,TRUE,TRUE,TRUE,TRUE
visu0,Filvi0i3,visu0ff,2,Filler,vi,0,i,3,visu,0,F,F,F,TRUE,BISCUIT,acide,BISCUIT,sour,,,,rien,,,rien,,,3,b,75,TRUE,TRUE,TRUE,TRUE,TRUE,TRUE,TRUE,TRUE,TRUE,TRUE
visu0,Filvi0i4,visu0ff,2,Filler,vi,0,i,4,visu,0,F,F,F,TRUE,LAITTUE,riante,LETTUCE,laughing,,,,rien,,,rien,,,3,b,76,TRUE,TRUE,TRUE,TRUE,TRUE,TRUE,TRUE,TRUE,TRUE,TRUE
visu0,Filvi0i5,visu0ff,3,Filler,vi,0,i,5,visu,0,F,F,F,TRUE,ART,poivré,ART,peppery,,,,rien,,,rien,,,3,b,77,TRUE,TRUE,TRUE,TRUE,TRUE,TRUE,TRUE,TRUE,TRUE,TRUE
visu0,Filvi0i6,visu0ff,3,Filler,vi,0,i,6,visu,0,F,F,F,TRUE,BIÈRE,vinifiée,BEER,distilled,,,,rien,,,rien,,,3,b,78,TRUE,TRUE,TRUE,TRUE,TRUE,TRUE,TRUE,TRUE,TRUE,TRUE
visu1,Filvi1i1,visu1ff,1,Filler,vi,1,i,1,visu,1,F,F,F,TRUE,GAUFRE,mélangée,WAFFLE,mixed,,,,7.bmp,,,5.bmp,,,3,b,79,TRUE,TRUE,TRUE,TRUE,TRUE,TRUE,TRUE,TRUE,TRUE,FALSE
visu1,Filvi1i2,visu1ff,1,Filler,vi,1,i,2,visu,1,F,F,F,TRUE,MONARCHIE,républicaine,MONARCHY,republican,,,,e.bmp,,,c.bmp,,,3,b,80,TRUE,TRUE,TRUE,TRUE,TRUE,TRUE,TRUE,TRUE,TRUE,FALSE
visu1,Filvi1i3,visu1ff,2,Filler,vi,1,i,3,visu,1,F,F,F,TRUE,GLOIRE,pavée,GLORY,paved,,,,5.bmp,,,8.bmp,,,3,b,81,TRUE,TRUE,TRUE,TRUE,TRUE,TRUE,TRUE,TRUE,TRUE,FALSE
visu1,Filvi1i4,visu1ff,2,Filler,vi,1,i,4,visu,1,F,F,F,TRUE,GUERRE,lignée,WAR,lined,,,,k.bmp,,,a.bmp,,,3,b,82,TRUE,TRUE,TRUE,TRUE,TRUE,TRUE,TRUE,TRUE,TRUE,FALSE
visu1,Filvi1i5,visu1ff,3,Filler,vi,1,i,5,visu,1,F,F,F,TRUE,HOPITAL ,malade,HOSPITAL,sick,,,,10.bmp,,,7.bmp,,,3,b,83,TRUE,TRUE,TRUE,TRUE,TRUE,TRUE,TRUE,TRUE,TRUE,FALSE
visu1,Filvi1i6,visu1ff,3,Filler,vi,1,i,6,visu,1,F,F,F,TRUE,LINOLÉUM ,en cuir,LINOLEUM,leather,,,,f.bmp,,,c.bmp,,,3,b,84,TRUE,TRUE,TRUE,TRUE,TRUE,TRUE,TRUE,TRUE,TRUE,FALSE
visu3,Filvi3i1,visu3ff,1,Filler,vi,3,i,1,visu,3,F,F,F,TRUE,ARC-EN-CIEL,poudreux,RAINBOW,powdery,,,,1.bmp,5.bmp,9.bmp,3.bmp,3.bmp,9.bmp,3,b,85,TRUE,TRUE,TRUE,TRUE,TRUE,TRUE,TRUE,TRUE,TRUE,FALSE
visu3,Filvi3i2,visu3ff,1,Filler,vi,3,i,2,visu,3,F,F,F,TRUE,ATROCITÉ,laineuse,ATROCITY,wooly,,,,k.bmp,c.bmp,d.bmp,a.bmp,c.bmp,e.bmp,3,b,86,TRUE,TRUE,TRUE,TRUE,TRUE,TRUE,TRUE,TRUE,TRUE,FALSE
visu3,Filvi3i3,visu3ff,2,Filler,vi,3,i,3,visu,3,F,F,F,TRUE,LAVE,froide,LAVA,cold,,,,3.bmp,6.bmp,a.bmp,3.bmp,7.bmp,7.bmp,3,b,87,TRUE,TRUE,TRUE,TRUE,TRUE,TRUE,TRUE,TRUE,TRUE,TRUE
visu3,Filvi3i4,visu3ff,2,Filler,vi,3,i,4,visu,3,F,F,F,TRUE,HAINE,chaleureuse,HATE,warm,,,,k.bmp,l.bmp,a.bmp,6.bmp,l.bmp,k.bmp,3,b,88,TRUE,TRUE,TRUE,TRUE,TRUE,TRUE,TRUE,TRUE,TRUE,FALSE
visu3,Filvi3i5,visu3ff,3,Filler,vi,3,i,5,visu,3,F,F,F,TRUE,MORT,mince,DEATH,thin,,,,7.bmp,2.bmp,11.bmp,7.bmp,6.bmp,4.bmp,3,b,89,TRUE,TRUE,TRUE,TRUE,TRUE,TRUE,TRUE,TRUE,TRUE,TRUE
visu3,Filvi3i6,visu3ff,3,Filler,vi,3,i,6,visu,3,F,F,F,TRUE,RABIN,catholique,RABBI,catholic,,,,3.bmp,11.bmp,9.bmp,6.bmp,11.bmp,9.bmp,3,b,90,TRUE,TRUE,TRUE,TRUE,TRUE,TRUE,TRUE,TRUE,TRUE,FALSE
audi0,Filau0s1,audi0ff,1,Filler,au,0,s,1,audi,0,F,F,F,TRUE,GOMME,chevelue,ERASER,hairy,,rien,rien,,,,,,,3,b,91,TRUE,TRUE,TRUE,TRUE,TRUE,TRUE,TRUE,TRUE,TRUE,TRUE
audi0,Filau0s2,audi0ff,1,Filler,au,0,s,2,audi,0,F,F,F,TRUE,LIBERTÉ,solaire,FREEDOM,solar,1_A,rien,rien,,,,,,,3,b,92,TRUE,TRUE,TRUE,TRUE,TRUE,TRUE,TRUE,TRUE,TRUE,TRUE
audi0,Filau0s3,audi0ff,2,Filler,au,0,s,3,audi,0,F,F,F,TRUE,PLOMB,léger,LEAD,light,,rien,rien,,,,,,,3,b,93,TRUE,TRUE,TRUE,TRUE,TRUE,TRUE,TRUE,TRUE,TRUE,TRUE
audi0,Filau0s4,audi0ff,2,Filler,au,0,s,4,audi,0,F,F,F,TRUE,SOMMEIL,musclé,SLEEP,muscular,,rien,rien,,,,,,,3,b,94,TRUE,TRUE,TRUE,TRUE,TRUE,TRUE,TRUE,TRUE,TRUE,TRUE
audi0,Filau0s5,audi0ff,3,Filler,au,0,s,5,audi,0,F,F,F,TRUE,HUILE,pilée,OIL,crushed,,rien,rien,,,,,,,3,b,95,TRUE,TRUE,TRUE,TRUE,TRUE,TRUE,TRUE,TRUE,TRUE,TRUE
audi0,Filau0s6,audi0ff,3,Filler,au,0,s,6,audi,0,F,F,F,TRUE,DÉSORDRE,aligné,MESS,aligned,,rien,rien,,,,,,,3,b,96,TRUE,TRUE,TRUE,TRUE,TRUE,TRUE,TRUE,TRUE,TRUE,TRUE
audi1,Filau1s1,audi1ff,1,Filler,au,1,s,1,audi,1,F,F,F,TRUE,ENFER,drôle,HELL,funny,,2.wav,8.wav,,,,,,,3,b,97,TRUE,TRUE,TRUE,TRUE,TRUE,TRUE,FALSE,FALSE,TRUE,TRUE
audi1,Filau1s2,audi1ff,1,Filler,au,1,s,2,audi,1,F,F,F,TRUE,LUMIÈRE,marron,LIGHT,brown,,6.wav,1.wav,,,,,,,3,b,98,TRUE,TRUE,TRUE,TRUE,TRUE,TRUE,FALSE,FALSE,TRUE,TRUE
audi1,Filau1s3,audi1ff,2,Filler,au,1,s,3,audi,1,F,F,F,TRUE,FRANCHISE,taiseuse,CANDOUR,silent,3_A,7.wav,2.wav,,,,,,,3,b,99,TRUE,TRUE,TRUE,TRUE,TRUE,TRUE,FALSE,FALSE,TRUE,TRUE
audi1,Filau1s4,audi1ff,2,Filler,au,1,s,4,audi,1,F,F,F,TRUE,MÉCHANCETÉ,frappée,WICKIDNESS,struck,,8.wav,3.wav,,,,,,,3,b,100,TRUE,TRUE,TRUE,TRUE,TRUE,TRUE,FALSE,FALSE,TRUE,TRUE
audi1,Filau1s5,audi1ff,3,Filler,au,1,s,5,audi,1,F,F,F,TRUE,SUSPITION,en polyerster,SUSPICION,polyester,,9.wav,7.wav,,,,,,,3,b,101,TRUE,TRUE,TRUE,TRUE,TRUE,TRUE,FALSE,FALSE,TRUE,TRUE
audi1,Filau1s6,audi1ff,3,Filler,au,1,s,6,audi,1,F,F,F,TRUE,PIERRE,flottante,STONE,buoyant,,10.wav,4.wav,,,,,,,3,b,102,TRUE,TRUE,TRUE,TRUE,TRUE,TRUE,FALSE,FALSE,TRUE,TRUE
audi3,Filau3s1,audi3ff,1,Filler,au,3,s,1,audi,3,F,F,F,TRUE,EQUITÉ,lavée,FAIRNESS,washed,,35.wav,37.wav,,,,,,,3,b,103,TRUE,TRUE,TRUE,TRUE,TRUE,TRUE,FALSE,FALSE,TRUE,TRUE
audi3,Filau3s2,audi3ff,1,Filler,au,3,s,2,audi,3,F,F,F,TRUE,PNEU,triangulaire,TIRE,triangular,,31.wav,38.wav,,,,,,,3,b,104,TRUE,TRUE,TRUE,TRUE,TRUE,TRUE,FALSE,FALSE,TRUE,TRUE
audi3,Filau3s3,audi3ff,2,Filler,au,3,s,3,audi,3,F,F,F,TRUE,JUPITER,visitée,JUPITER,visited,,32.wav,39.wav,,,,,,,3,b,105,TRUE,TRUE,TRUE,TRUE,TRUE,TRUE,FALSE,FALSE,TRUE,TRUE
audi3,Filau3s4,audi3ff,2,Filler,au,3,s,4,audi,3,F,F,F,TRUE,GRANITE,flexible,GRANITE,flexible,,33.wav,36.wav,,,,,,,3,b,106,TRUE,TRUE,TRUE,TRUE,TRUE,TRUE,FALSE,FALSE,TRUE,TRUE
audi3,Filau3s5,audi3ff,3,Filler,au,3,s,5,audi,3,F,F,F,TRUE,DIFFICULTÉ,apétissante,DIFFICULTY,appetizing,,34.wav,40.wav,,,,,,,3,b,107,TRUE,TRUE,TRUE,TRUE,TRUE,TRUE,FALSE,FALSE,TRUE,TRUE
audi3,Filau3s6,audi3ff,3,Filler,au,3,s,6,audi,3,F,F,F,TRUE,BAGUE,infidèle,RING,unfaithful,,41.wav,37.wav,,,,,,,3,b,108,TRUE,TRUE,TRUE,TRUE,TRUE,TRUE,FALSE,FALSE,TRUE,TRUE
audi0,Filvi0s1,audi0ff,1,Filler,vi,0,s,1,audi,0,F,F,F,TRUE,NEIGE,transpirante,SNOW,sweaty,,rien,rien,,,,,,,3,b,109,TRUE,TRUE,TRUE,TRUE,TRUE,TRUE,TRUE,TRUE,TRUE,TRUE
audi0,Filvi0s2,audi0ff,1,Filler,vi,0,s,2,audi,0,F,F,F,TRUE,ECOLOGIE,polluée,ECOLOGY,polluted,,rien,rien,,,,,,,3,b,110,TRUE,TRUE,TRUE,TRUE,TRUE,TRUE,TRUE,TRUE,TRUE,TRUE
audi0,Filvi0s3,audi0ff,2,Filler,vi,0,s,3,audi,0,F,F,F,TRUE,CONFITURE,croquante,JAM,crunchy,,rien,rien,,,,,,,3,b,111,TRUE,TRUE,TRUE,TRUE,TRUE,TRUE,TRUE,TRUE,TRUE,TRUE
audi0,Filvi0s4,audi0ff,2,Filler,vi,0,s,4,audi,0,F,F,F,TRUE,MALADIE,neigeuse,DISEASE,snowy,,rien,rien,,,,,,,3,b,112,TRUE,TRUE,TRUE,TRUE,TRUE,TRUE,TRUE,TRUE,TRUE,TRUE
audi0,Filvi0s5,audi0ff,3,Filler,vi,0,s,5,audi,0,F,F,F,TRUE,NONNE,mariée,NUN,married,,rien,rien,,,,,,,3,b,113,TRUE,TRUE,TRUE,TRUE,TRUE,TRUE,TRUE,TRUE,TRUE,TRUE
audi0,Filvi0s6,audi0ff,3,Filler,vi,0,s,6,audi,0,F,F,F,TRUE,POIVRE,fade,PEPPER,bland,,rien,rien,,,,,,,3,b,114,TRUE,TRUE,TRUE,TRUE,TRUE,TRUE,TRUE,TRUE,TRUE,TRUE
audi1,Filvi1s1,audi1ff,1,Filler,vi,1,s,1,audi,1,F,F,F,TRUE,TRAHISON,chatouillée,BETRAYAL,tickled,,8.wav,9.wav,,,,,,,3,b,115,TRUE,TRUE,TRUE,TRUE,TRUE,TRUE,FALSE,FALSE,TRUE,TRUE
audi1,Filvi1s2,audi1ff,1,Filler,vi,1,s,2,audi,1,F,F,F,TRUE,HAMSTER,rocheux,HAMSTER,rocky,,1.wav,2.wav,,,,,,,3,b,116,TRUE,TRUE,TRUE,TRUE,TRUE,TRUE,FALSE,FALSE,TRUE,TRUE
audi1,Filvi1s3,audi1ff,2,Filler,vi,1,s,3,audi,1,F,F,F,TRUE,SOUFFRANCE,plastifiée,SUFFERING,laminated,,2.wav,4.wav,,,,,,,3,b,117,TRUE,TRUE,TRUE,TRUE,TRUE,TRUE,FALSE,FALSE,TRUE,TRUE
audi1,Filvi1s4,audi1ff,2,Filler,vi,1,s,4,audi,1,F,F,F,TRUE,AIR,frappé,AIR,hit,,3.wav,5.wav,,,,,,,3,b,118,TRUE,TRUE,TRUE,TRUE,TRUE,TRUE,FALSE,FALSE,TRUE,TRUE
audi1,Filvi1s5,audi1ff,3,Filler,vi,1,s,5,audi,1,F,F,F,TRUE,SÛRE,caramélisé,SAFEGUARD,caramelized,,7.wav,5.wav,,,,,,,3,b,119,TRUE,TRUE,TRUE,TRUE,TRUE,TRUE,FALSE,FALSE,TRUE,TRUE
audi1,Filvi1s6,audi1ff,3,Filler,vi,1,s,6,audi,1,F,F,F,TRUE,CONFORT,glissant,COMFORT,slippery,,11.wav,6.wav,,,,,,,3,b,120,TRUE,TRUE,TRUE,TRUE,TRUE,TRUE,FALSE,FALSE,TRUE,TRUE
audi3,Filvi3s1,audi3ff,1,Filler,vi,3,s,1,audi,3,F,F,F,TRUE,ETUDE,vagissante,STUDY,wailing,,31.wav,35.wav,,,,,,,3,b,121,TRUE,TRUE,TRUE,TRUE,TRUE,TRUE,FALSE,FALSE,TRUE,TRUE
audi3,Filvi3s2,audi3ff,1,Filler,vi,3,s,2,audi,3,F,F,F,TRUE,GAIETÉ,flottante,JOY,floating,,37.wav,36.wav,,,,,,,3,b,122,TRUE,TRUE,TRUE,TRUE,TRUE,TRUE,FALSE,FALSE,TRUE,TRUE
audi3,Filvi3s3,audi3ff,2,Filler,vi,3,s,3,audi,3,F,F,F,TRUE,ROBE,métalique,DRESS,metallic,,38.wav,40.wav,,,,,,,3,b,123,TRUE,TRUE,TRUE,TRUE,TRUE,TRUE,FALSE,FALSE,TRUE,TRUE
audi3,Filvi3s4,audi3ff,2,Filler,vi,3,s,4,audi,3,F,F,F,TRUE,CRÉATION,perverse,CREATION,perverse,,39.wav,37.wav,,,,,,,3,b,124,TRUE,TRUE,TRUE,TRUE,TRUE,TRUE,FALSE,FALSE,TRUE,TRUE
audi3,Filvi3s5,audi3ff,3,Filler,vi,3,s,5,audi,3,F,F,F,TRUE,CENDRIER,allégé,ASHTRAY,lightened,,40.wav,38.wav,,,,,,,3,b,125,TRUE,TRUE,TRUE,TRUE,TRUE,TRUE,FALSE,FALSE,TRUE,TRUE
audi3,Filvi3s6,audi3ff,3,Filler,vi,3,s,6,audi,3,F,F,F,TRUE,VÉRITÉ,rugueuse,TRUTH,rough,,36.wav,41.wav,,,,,,,3,b,126,TRUE,TRUE,TRUE,TRUE,TRUE,TRUE,FALSE,FALSE,TRUE,TRUE
visu0,Filau0i1,visu0ff,1,Filler,au,0,i,1,visu,0,F,F,F,TRUE,FAUTE,tambourinante,FAULT,drumming,,,,rien,,,rien,,,3,b,127,TRUE,TRUE,TRUE,TRUE,TRUE,TRUE,TRUE,TRUE,TRUE,TRUE
visu0,Filau0i2,visu0ff,1,Filler,au,0,i,2,visu,0,F,F,F,TRUE,INTELLIGENCE,glabre,INTELLIGENCE,hairless,,,,rien,,,rien,,,3,b,128,TRUE,TRUE,TRUE,TRUE,TRUE,TRUE,TRUE,TRUE,TRUE,TRUE
visu0,Filau0i3,visu0ff,2,Filler,au,0,i,3,visu,0,F,F,F,TRUE,DIABLE,angélique,DEVIL,angelic,,,,rien,,,rien,,,3,b,129,TRUE,TRUE,TRUE,TRUE,TRUE,TRUE,TRUE,TRUE,TRUE,TRUE
visu0,Filau0i4,visu0ff,2,Filler,au,0,i,4,visu,0,F,F,F,TRUE,MÉTÉOR,décolant,METEOR,launching,,,,rien,,,rien,,,3,b,130,TRUE,TRUE,TRUE,TRUE,TRUE,TRUE,TRUE,TRUE,TRUE,TRUE
visu0,Filau0i5,visu0ff,3,Filler,au,0,i,5,visu,0,F,F,F,TRUE,CACTUS,caressé,CACTUS,caressed,,,,rien,,,rien,,,3,b,131,TRUE,TRUE,TRUE,TRUE,TRUE,TRUE,TRUE,TRUE,TRUE,TRUE
visu0,Filau0i6,visu0ff,3,Filler,au,0,i,6,visu,0,F,F,F,TRUE,DOULEUR,fibreuse,PAIN,fibrous,,,,rien,,,rien,,,3,b,132,TRUE,TRUE,TRUE,TRUE,TRUE,TRUE,TRUE,TRUE,TRUE,TRUE
visu1,Filau1i1,visu1ff,1,Filler,au,1,i,1,visu,1,F,F,F,TRUE,OURAGAN,prévenu,HURRICANE,warned,,,,3.bmp,,,1.bmp,,,3,b,133,TRUE,TRUE,TRUE,TRUE,TRUE,TRUE,TRUE,TRUE,TRUE,FALSE
visu1,Filau1i2,visu1ff,1,Filler,au,1,i,2,visu,1,F,F,F,TRUE,USURE,chaussée,EROSION,worn,,,,a.bmp,,,k.bmp,,,3,b,134,TRUE,TRUE,TRUE,TRUE,TRUE,TRUE,TRUE,TRUE,TRUE,FALSE
visu1,Filau1i3,visu1ff,2,Filler,au,1,i,3,visu,1,F,F,F,TRUE,MANDIANT,riche,BEGGAR,rich,,,,6.bmp,,,4.bmp,,,3,b,135,TRUE,TRUE,TRUE,TRUE,TRUE,TRUE,TRUE,TRUE,TRUE,FALSE
visu1,Filau1i4,visu1ff,2,Filler,au,1,i,4,visu,1,F,F,F,TRUE,TOMATE,beige,TOMATO,beige,,,,b.bmp,,,8.bmp,,,3,b,136,TRUE,TRUE,TRUE,TRUE,TRUE,TRUE,TRUE,TRUE,TRUE,FALSE
visu1,Filau1i5,visu1ff,3,Filler,au,1,i,5,visu,1,F,F,F,TRUE,GÂTEAU,bedonnant,CAKE,potbellied,,,,3.bmp,,,h.bmp,,,3,b,137,TRUE,TRUE,TRUE,TRUE,TRUE,TRUE,TRUE,TRUE,TRUE,FALSE
visu1,Filau1i6,visu1ff,3,Filler,au,1,i,6,visu,1,F,F,F,TRUE,BAR,grillé,BAR,grilled,,,,4.bmp,,,l.bmp,,,3,b,138,TRUE,TRUE,TRUE,TRUE,TRUE,TRUE,TRUE,TRUE,TRUE,FALSE
visu3,Filau3i1,visu3ff,1,Filler,au,3,i,1,visu,3,F,F,F,TRUE,DÉMON,mansardé,DEMON,pitched,,,,k.bmp,a.bmp,8.bmp,l.bmp,3.bmp,9.bmp,3,b,139,TRUE,TRUE,TRUE,TRUE,TRUE,TRUE,TRUE,TRUE,TRUE,FALSE
visu3,Filau3i2,visu3ff,1,Filler,au,3,i,2,visu,3,F,F,F,TRUE,PROPRE,poussiéreux,CLEANLINESS,dusty,,,,8.bmp,l.bmp,2.bmp,9.bmp,7.bmp,2.bmp,3,b,140,TRUE,TRUE,TRUE,TRUE,TRUE,TRUE,TRUE,TRUE,TRUE,FALSE
visu3,Filau3i3,visu3ff,2,Filler,au,3,i,3,visu,3,F,F,F,TRUE,CAUCHEMAR,éspéré,NIGHTMARE,desirable,,,,c.bmp,h.bmp,10.bmp,c.bmp,d.bmp,7.bmp,3,b,141,TRUE,TRUE,TRUE,TRUE,TRUE,TRUE,TRUE,TRUE,TRUE,TRUE
visu3,Filau3i4,visu3ff,2,Filler,au,3,i,4,visu,3,F,F,F,TRUE,ÉPINARDS,bu,SPINACH,drunk,,,,g.bmp,e.bmp,c.bmp,a.bmp,e.bmp,a.bmp,3,b,142,TRUE,TRUE,TRUE,TRUE,TRUE,TRUE,TRUE,TRUE,TRUE,FALSE
visu3,Filau3i5,visu3ff,3,Filler,au,3,i,5,visu,3,F,F,F,TRUE,ERREUR,pilotée,ERROR,controlled,,,,5.bmp,5.bmp,11.bmp,9.bmp,5.bmp,2.bmp,3,b,143,TRUE,TRUE,TRUE,TRUE,TRUE,TRUE,TRUE,TRUE,TRUE,FALSE
visu3,Filau3i6,visu3ff,3,Filler,au,3,i,6,visu,3,F,F,F,TRUE,ÉTERNITÉ,vue,ETERNITY,seen,,,,h.bmp,c.bmp,f.bmp,h.bmp,g.bmp,k.bmp,3,b,144,TRUE,TRUE,TRUE,TRUE,TRUE,TRUE,TRUE,TRUE,TRUE,TRUE
visu0,FilFV0i1,visu0fv,1,Filler,FV,0,i,1,visu,0,T,F,F,TRUE,BEAU,plombé,VISION,leaden,,,,rien,,,rien,,,3,c,145,TRUE,TRUE,TRUE,TRUE,TRUE,TRUE,TRUE,TRUE,TRUE,TRUE
visu0,FilFV0i2,visu0fv,1,Filler,FV,0,i,2,visu,0,T,F,F,TRUE,CAFARD,sprintant,COCKROACH,glowing,,,,rien,,,rien,,,3,c,146,TRUE,TRUE,TRUE,TRUE,TRUE,TRUE,TRUE,TRUE,TRUE,TRUE
visu0,FilFV0i3,visu0fv,2,Filler,FV,0,i,3,visu,0,T,F,F,TRUE,BONHEUR,tirebouchonné,HAPPINESS,corkscrewed,,,,rien,,,rien,,,3,c,147,TRUE,TRUE,TRUE,TRUE,TRUE,TRUE,TRUE,TRUE,TRUE,TRUE
visu0,FilFV0i4,visu0fv,2,Filler,FV,0,i,4,visu,0,T,F,F,TRUE,MALADIE,neigeuse,DISEASE,snowy,,,,rien,,,rien,,,3,c,148,TRUE,TRUE,TRUE,TRUE,TRUE,TRUE,TRUE,TRUE,TRUE,TRUE
visu1,FilFV1i1,visu1fv,3,Filler,FV,1,i,1,visu,1,T,F,F,TRUE,CHAUSSETTE,délassée,SOCK,relaxed,,,,11.bmp,,,11.bmp,,,3,c,149,TRUE,TRUE,TRUE,TRUE,TRUE,TRUE,TRUE,TRUE,TRUE,TRUE
visu1,FilFV1i2,visu1fv,3,Filler,FV,1,i,2,visu,1,T,F,F,TRUE,ESPRIT,spongieux,SPIRIT,spongey,,,,k.bmp,,,k.bmp,,,3,c,150,TRUE,TRUE,TRUE,TRUE,TRUE,TRUE,TRUE,TRUE,TRUE,TRUE
visu1,FilFV1i3,visu1fv,1,Filler,FV,1,i,3,visu,1,T,F,F,TRUE,CIGARETTE,essouflée,CIGARETTE,breathless,,,,9.bmp,,,9.bmp,,,3,c,151,TRUE,TRUE,TRUE,TRUE,TRUE,TRUE,TRUE,TRUE,TRUE,TRUE
visu3,FilFV3i1,visu3fv,1,Filler,FV,3,i,1,visu,3,T,F,F,TRUE,IDÉE,célibataire,IDEA,unmarried,,,,9.bmp,g.bmp,5.bmp,9.bmp,g.bmp,5.bmp,3,c,152,TRUE,TRUE,TRUE,TRUE,TRUE,TRUE,TRUE,TRUE,TRUE,TRUE
visu3,FilFV3i2,visu3fv,2,Filler,FV,3,i,2,visu,3,T,F,F,TRUE,PÉNURIE,manquante,SHORTAGE,missing,,,,3.bmp,5.bmp,6.bmp,3.bmp,5.bmp,6.bmp,3,c,153,TRUE,TRUE,TRUE,TRUE,TRUE,TRUE,TRUE,TRUE,TRUE,TRUE
visu3,FilFV3i3,visu3fv,2,Filler,FV,3,i,3,visu,3,T,F,F,TRUE,CRISE,riche,CRISIS,rich,,,,c.bmp,a.bmp,k.bmp,c.bmp,a.bmp,k.bmp,3,c,154,TRUE,TRUE,TRUE,TRUE,TRUE,TRUE,TRUE,TRUE,TRUE,TRUE
audi0,FilFV0s1,audi0fv,3,Filler,FV,0,s,1,audi,0,T,F,F,TRUE,CHAOS,détruit,CHAOS,destroyed,,rien,rien,,,,,,,3,c,155,TRUE,TRUE,TRUE,TRUE,TRUE,TRUE,TRUE,TRUE,TRUE,TRUE
audi0,FilFV0s2,audi0fv,3,Filler,FV,0,s,2,audi,0,T,F,F,TRUE,HUMOUR,blafard,HUMOR,dull,,rien,rien,,,,,,,3,c,156,TRUE,TRUE,TRUE,TRUE,TRUE,TRUE,TRUE,TRUE,TRUE,TRUE
audi0,FilFV0s3,audi0fv,1,Filler,FV,0,s,3,audi,0,T,F,F,TRUE,LIBERTÉ,solaire,FREEDOM,solar,1_B,rien,rien,,,,,,,3,c,157,TRUE,TRUE,TRUE,TRUE,TRUE,TRUE,TRUE,TRUE,TRUE,TRUE
audi0,FilFV0s4,audi0fv,2,Filler,FV,0,s,4,audi,0,T,F,F,TRUE,FEU,tenu,FIRE,held,,rien,rien,,,,,,,3,c,158,TRUE,TRUE,TRUE,TRUE,TRUE,TRUE,TRUE,TRUE,TRUE,TRUE
audi1,FilFV1s1,audi1fv,1,Filler,FV,1,s,1,audi,1,T,F,F,TRUE,RAGE,graisseuse,ANGER,greasy,,1.wav,1.wav,,,,,,,3,c,159,TRUE,TRUE,TRUE,TRUE,TRUE,TRUE,TRUE,TRUE,TRUE,TRUE
audi1,FilFV1s2,audi1fv,2,Filler,FV,1,s,2,audi,1,T,F,F,TRUE,FRANCHISE,taiseuse,CANDOUR,silent,3_B,8.wav,8.wav,,,,,,,3,c,160,TRUE,TRUE,TRUE,TRUE,TRUE,TRUE,TRUE,TRUE,TRUE,TRUE
audi1,FilFV1s3,audi1fv,3,Filler,FV,1,s,3,audi,1,T,F,F,TRUE,REGRET,liquide,REGRET,liquid,,9.wav,9.wav,,,,,,,3,c,161,TRUE,TRUE,TRUE,TRUE,TRUE,TRUE,TRUE,TRUE,TRUE,TRUE
audi3,FilFV3s1,audi3fv,3,Filler,FV,3,s,1,audi,3,T,F,F,TRUE,PEINE,cartonnée,PAIN,cardboard,,32.wav,32.wav,,,,,,,3,c,162,TRUE,TRUE,TRUE,TRUE,TRUE,TRUE,TRUE,TRUE,TRUE,TRUE
audi3,FilFV3s2,audi3fv,1,Filler,FV,3,s,2,audi,3,T,F,F,TRUE,LIQUIDE,solide,LIQUID,solid,,35.wav,35.wav,,,,,,,3,c,163,TRUE,TRUE,TRUE,TRUE,TRUE,TRUE,TRUE,TRUE,TRUE,TRUE
audi3,FilFV3s3,audi3fv,1,Filler,FV,3,s,3,audi,3,T,F,F,TRUE,ESSENCE,crémeuse,GASOLINE,creamy,,39.wav,39.wav,,,,,,,3,c,164,TRUE,TRUE,TRUE,TRUE,TRUE,TRUE,TRUE,TRUE,TRUE,TRUE
audi0,FilFV0s1,audi0vf,2,Filler,FV,0,s,1,audi,0,F,T,T,TRUE,ENFANT,embrassé,CHILD,kissed,,rien,rien,,,,,,,1,b,165,TRUE,TRUE,TRUE,TRUE,TRUE,TRUE,TRUE,TRUE,TRUE,TRUE
audi1,FilFV1s2,audi1vf,2,Filler,FV,1,s,2,audi,1,F,T,T,TRUE,BLESSURE,inquietante,INJURY,worrying,,7.wav,3.wav,,,,,,,1,b,166,TRUE,TRUE,TRUE,TRUE,TRUE,TRUE,FALSE,FALSE,TRUE,TRUE
audi1,FilFV1s3,audi1vf,1,Filler,FV,1,s,3,audi,1,F,T,T,TRUE,CHEVAL,brossé,HORSE,brushed,,9.wav,5.wav,,,,,,,1,b,167,TRUE,TRUE,TRUE,TRUE,TRUE,TRUE,FALSE,FALSE,TRUE,TRUE
audi1,FilVF1s4,audi1vf,3,Filler,VF,1,s,4,audi,1,F,T,T,TRUE,SEAU,vidé,BUCKET,emptied,,4.wav,10.wav,,,,,,,1,b,168,TRUE,TRUE,TRUE,TRUE,TRUE,TRUE,FALSE,FALSE,TRUE,TRUE
audi0,FilVF2s1,audi0vf,1,Filler,VF,2,s,1,audi,0,F,T,T,TRUE,PIERRE,lancée,STONE,thrown,,rien,rien,,,,,,,1,b,169,TRUE,TRUE,TRUE,TRUE,TRUE,TRUE,TRUE,TRUE,TRUE,TRUE
audi0,FilVF2s2,audi0vf,3,Filler,VF,2,s,2,audi,0,F,T,T,TRUE,CRASSE,répugnante,FILTH,disgusting,,rien,rien,,,,,,,1,b,170,TRUE,TRUE,TRUE,TRUE,TRUE,TRUE,TRUE,TRUE,TRUE,TRUE
audi3,FilVF2s3,audi3vf,2,Filler,VF,2,s,3,audi,3,F,T,T,TRUE,JUS,versé,JUICE,poured,,38.wav,36.wav,,,,,,,1,b,171,TRUE,TRUE,TRUE,TRUE,TRUE,TRUE,FALSE,FALSE,TRUE,TRUE
audi1,FilVF2s4,audi1vf,2,Filler,VF,2,s,4,audi,1,F,T,T,TRUE,VICTIME,affligée,VICTIM,afflicted,,9.wav,2.wav,,,,,,,1,b,172,TRUE,TRUE,TRUE,TRUE,TRUE,TRUE,FALSE,FALSE,TRUE,TRUE
audi1,FilVF2s5,audi1vf,3,Filler,VF,2,s,5,audi,1,F,T,T,TRUE,TONDEUSE,poussée,MOWER,pushed,,3.wav,5.wav,,,,,,,1,b,173,TRUE,TRUE,TRUE,TRUE,TRUE,TRUE,FALSE,FALSE,TRUE,TRUE
audi3,FilVF2s6,audi3vf,3,Filler,VF,2,s,6,audi,3,F,T,T,TRUE,SERPENT,dangereux,SNAKE,dangerous,,38.wav,37.wav,,,,,,,1,b,174,TRUE,TRUE,TRUE,TRUE,TRUE,TRUE,FALSE,FALSE,TRUE,TRUE
audi3,FilVF3s3,audi3vf,1,Filler,VF,3,s,3,audi,3,F,T,T,TRUE,POU,dégoutant,LOUSE,disgusting,,31.wav,38.wav,,,,,,,1,b,175,TRUE,TRUE,TRUE,TRUE,TRUE,TRUE,FALSE,FALSE,TRUE,TRUE
audi3,FilVF3s4,audi3vf,1,Filler,VF,3,s,4,audi,3,F,T,T,TRUE,ANNIVERSAIRE,jovial,BIRTHDAY,happy,,35.wav,32.wav,,,,,,,1,b,176,TRUE,TRUE,TRUE,TRUE,TRUE,TRUE,FALSE,FALSE,TRUE,TRUE
visu0,FilVF0i4,visu0vf,2,Filler,VF,0,i,4,visu,0,F,T,T,TRUE,DESSIN,esquissé,DRAWING,sketched,,,,rien,,,rien,,,1,b,177,TRUE,TRUE,TRUE,TRUE,TRUE,TRUE,TRUE,TRUE,TRUE,TRUE
visu0,FilVF0i5,visu0vf,2,Filler,VF,0,i,5,visu,0,F,T,T,TRUE,MANCHE,agrippée,HANDLE,grasped,,,,rien,,,rien,,,1,b,178,TRUE,TRUE,TRUE,TRUE,TRUE,TRUE,TRUE,TRUE,TRUE,TRUE
visu1,FilVF1i1,visu1vf,3,Filler,VF,1,i,1,visu,1,F,T,T,TRUE,FRISBEE,jeté,FRISBEE,thrown,,,,7.bmp,,,1.bmp,,,1,b,179,TRUE,TRUE,TRUE,TRUE,TRUE,TRUE,TRUE,TRUE,TRUE,FALSE
visu1,FilVF1i2,visu1vf,3,Filler,VF,1,i,2,visu,1,F,T,T,TRUE,TRUITE,attrapée,TROUT,caught,,,,k.bmp,,,a.bmp,,,1,b,180,TRUE,TRUE,TRUE,TRUE,TRUE,TRUE,TRUE,TRUE,TRUE,FALSE
visu1,FilVF1i3,visu1vf,1,Filler,VF,1,i,3,visu,1,F,T,T,TRUE,COUPLE,heureux,COUPLE,happy,,,,4.bmp,,,7.bmp,,,1,b,181,TRUE,TRUE,TRUE,TRUE,TRUE,TRUE,TRUE,TRUE,TRUE,FALSE
visu1,FilVF1i4,visu1vf,1,Filler,VF,1,i,4,visu,1,F,T,T,TRUE,ESPOIR,encourageant,HOPE,encouraging,,,,l.bmp,,,b.bmp,,,1,b,182,TRUE,TRUE,TRUE,TRUE,TRUE,TRUE,TRUE,TRUE,TRUE,FALSE
visu3,FilVF3i1,visu3vf,2,Filler,VF,3,i,1,visu,3,F,T,T,TRUE,ACCIDENT,triste,ACCIDENT,sad,,,,g.bmp,8.bmp,b.bmp,c.bmp,4.bmp,1.bmp,1,b,183,TRUE,TRUE,TRUE,TRUE,TRUE,TRUE,TRUE,TRUE,TRUE,FALSE
visu3,FilVF3i2,visu3vf,2,Filler,VF,3,i,2,visu,3,F,T,T,TRUE,ARGENT,réjouissant,MONEY,delightful,,,,e.bmp,d.bmp,c.bmp,6.bmp,e.bmp,a.bmp,1,b,184,TRUE,TRUE,TRUE,TRUE,TRUE,TRUE,TRUE,TRUE,TRUE,FALSE